stok_kodu,dosya_adi,ana_gorsel_mi,sira_no
100012,100012_1.jpg,True,1
1001013,1001013_1.png,True,1
1001020,1001020_1.png,True,1
1002909,1002909_1.jpg,True,1
1005910,1005910_1.png,True,1
1006911,1006911_1.png,True,1
1007_010,1007_010_1.png,True,1
1008010,1008010_1.jpg,True,1
1010008,1010008_1.png,True,1
1011007,1011007_1.png,True,1
1012618,1012618_1.jpg,True,1
1013917,1013917_1.jpg,True,1
1014809,1014809_1.png,True,1
10158012.5,10158012.5_1.png,True,1
1015808,1015808_1.png,True,1
1016809,1016809_1.png,True,1
1017809,1017809_1.png,True,1
1018808,1018808_1.png,True,1
1019207,1019207_1.png,True,1
1020920,1020920_1.jpg,True,1
1021112,1021112_1.png,True,1
1022011,1022011_1.png,True,1
1023009,1023009_1.jpg,True,1
1024035,1024035_1.jpg,True,1
1025019,1025019_1.jpg,True,1
1026033,1026033_1.png,True,1
1027007,1027007_1.png,True,1
1028028,1028028_1.png,True,1
1029033,1029033_1.png,True,1
1030013,1030013_1.png,True,1
1031017,1031017_1.png,True,1
1032011,1032011_1.png,True,1
1033207,1033207_1.png,True,1
1034010,1034010_1.jpeg,True,1
1035030,1035030_1.png,True,1
1036017,1036017_1.png,True,1
1037010,1037010_1.png,True,1
1038053,1038053_1.png,True,1
1039024,1039024_1.jpg,True,1
1040025,1040025_1.png,True,1
1041030,1041030_1.png,True,1
1042014,1042014_1.png,True,1
1043010,1043010_1.png,True,1
1044009,1044009_1.jpg,True,1
1045025,1045025_1.png,True,1
1046046,1046046_1.jpg,True,1
1047919,1047919_1.png,True,1
1048824,1048824_1.png,True,1
1049906,1049906_1.jpg,True,1
1050907.5,1050907.5_1.jpg,True,1
1051911,1051911_1.jpg,True,1
1052030,1052030_1.jpg,True,1
1053804,1053804_1.jpg,True,1
1054908.5,1054908.5_1.jpg,True,1
1055007,1055007_1.jpg,True,1
1056911,1056911_1.jpg,True,1
1057810,1057810_1.jpg,True,1
1058922,1058922_1.jpg,True,1
1059014,1059014_1.jpg,True,1
1060020,1060020_1.jpg,True,1
1061020,1061020_1.jpg,True,1
1062030,1062030_1.jpg,True,1
1063063,1063063_1.jpg,True,1
1064-P,1064-P_1.jpg,True,1
1065920,1065920_1.jpg,True,1
1066066,1066066_1.jpg,True,1
1067209.5,1067209.5_1.jpg,True,1
1068119,1068119_1.jpg,True,1
1069024,1069024_1.jpg,True,1
1069036,1069036_1.jpg,True,1
1070109,1070109_1.jpg,True,1
1070812,1070812_1.jpg,True,1
1071809,1071809_1.jpg,True,1
1072010,1072010_1.jpg,True,1
1073910,1073910_1.jpg,True,1
1074205,1074205_1.jpg,True,1
1075009,1075009_1.jpg,True,1
1076005.3,1076005.3_1.jpg,True,1
1077010,1077010_1.jpg,True,1
1078110,1078110_1.jpg,True,1
108006,108006_1.jpeg,True,1
108034,108034_1.png,True,1
1081065,1081065_1.png,True,1
1082030,1082030_1.jpg,True,1
1083040,1083040_1.jpg,True,1
1083050,1083050_1.jpg,True,1
1084_020,1084_020_1.jpg,True,1
1085012,1085012_1.jpg,True,1
1086008,1086008_1.jpg,True,1
1087007,1087007_1.jpg,True,1
1088017,1088017_1.jpg,True,1
1089017,1089017_1.jpg,True,1
1090010,1090010_1.jpg,True,1
109104,109104_1.jpg,True,1
10920911,10920911_1.jpg,True,1
1093050,1093050_1.jpg,True,1
1094040,1094040_1.jpg,True,1
1095212,1095212_1.jpg,True,1
1095214,1095214_1.jpg,True,1
1096210,1096210_1.jpg,True,1
10970209,10970209_1.jpg,True,1
1098020,1098020_1.jpg,True,1
1099050,1099050_1.jpg,True,1
1100017,1100017_1.jpg,True,1
1101017,1101017_1.jpg,True,1
1102011,1102011_1.jpg,True,1
1104207,1104207_1.jpg,True,1
1105020,1105020_1.jpg,True,1
1106910,1106910_1.jpg,True,1
1107909,1107909_1.jpg,True,1
1107910,1107910_1.jpg,True,1
1108_030,1108_030_1.jpg,True,1
1110909.5,1110909.5_1.jpg,True,1
1111207.5,1111207.5_1.jpg,True,1
1112,1112_1.png,True,1
1113011,1113011_1.jpg,True,1
1114908,1114908_1.jpg,True,1
1115915,1115915_1.jpg,True,1
1115917,1115917_1.jpg,True,1
1115920,1115920_1.jpg,True,1
1116913,1116913_1.jpg,True,1
1116915,1116915_1.jpg,True,1
1116915,1116915_2.jpg,False,2
1116917,1116917_1.jpg,True,1
1116917,1116917_2.jpg,False,2
1117011,1117011_1.jpg,True,1
1118023,1118023_1.jpg,True,1
111911,111911_1.jpg,True,1
111913,111913_1.jpg,True,1
111915,111915_1.jpg,True,1
111917,111917_1.jpg,True,1
111919,111919_1.jpg,True,1
111921,111921_1.jpg,True,1
111923,111923_1.jpg,True,1
111925,111925_1.jpg,True,1
111930,111930_1.jpg,True,1
111935,111935_1.jpg,True,1
1120208,1120208_1.jpg,True,1
1121025,1121025_1.jpg,True,1
112202,112202_1.png,True,1
1123035,1123035_1.jpg,True,1
1124020,1124020_1.jpg,True,1
1125822,1125822_1.jpg,True,1
1126812,1126812_1.jpg,True,1
1127620,1127620_1.jpg,True,1
1128025,1128025_1.jpg,True,1
1129017,1129017_1.jpeg,True,1
1130030,1130030_1.jpg,True,1
1131023,1131023_1.jpg,True,1
1132030,1132030_1.jpg,True,1
1133015,1133015_1.jpg,True,1
1134207,1134207_1.jpg,True,1
1135618,1135618_1.jpg,True,1
113604,113604_1.jpg,True,1
113704,113704_1.jpg,True,1
1138013,1138013_1.jpg,True,1
113911,113911_1.jpg,True,1
1139915,1139915_1.jpg,True,1
114043,114043_1.jpg,True,1
1141820,1141820_1.jpg,True,1
1142717,1142717_1.jpg,True,1
1142720,1142720_1.jpg,True,1
1142725,1142725_1.jpg,True,1
1143023,1143023_1.jpg,True,1
1144015,1144015_1.jpg,True,1
1145012,1145012_1.jpg,True,1
1145015,1145015_1.jpg,True,1
1145020,1145020_1.jpg,True,1
1146015,1146015_1.jpg,True,1
11471016,11471016_1.jpg,True,1
114820,114820_1.jpg,True,1
1149010,1149010_1.jpg,True,1
1150050,1150050_1.jpg,True,1
1151048,1151048_1.jpg,True,1
1152025,1152025_1.jpg,True,1
1153028,1153028_1.jpg,True,1
1153029,1153029_1.jpg,True,1
115405,115405_1.jpg,True,1
1155,1155_1.jpg,True,1
115603,115603_1.jpg,True,1
115704,115704_1.jpg,True,1
115805,115805_1.jpg,True,1
1159025,1159025_1.jpg,True,1
1160020,1160020_1.jpg,True,1
1161010,1161010_1.jpg,True,1
1162,1162_1.jpg,True,1
1163025,1163025_1.jpg,True,1
1164033,1164033_1.jpg,True,1
1167009,1167009_1.jpg,True,1
1169025,1169025_1.jpg,True,1
1170912,1170912_1.jpg,True,1
1171,1171_1.jpg,True,1
1172029,1172029_1.jpg,True,1
1172034,1172034_1.jpg,True,1
1172052,1172052_1.jpg,True,1
1173011,1173011_1.jpg,True,1
1174009,1174009_1.jpg,True,1
1175012,1175012_1.jpg,True,1
1176013,1176013_1.jpg,True,1
1177021,1177021_1.jpg,True,1
1178020,1178020_1.jpg,True,1
1179027,1179027_1.jpg,True,1
1180070,1180070_1.jpg,True,1
1182014,1182014_1.jpg,True,1
1183011,1183011_1.jpg,True,1
1184016,1184016_1.jpg,True,1
1185010,1185010_1.jpg,True,1
1185014,1185014_1.jpg,True,1
1186018,1186018_1.jpg,True,1
1187035,1187035_1.jpg,True,1
1188910,1188910_1.jpg,True,1
1189139,1189139_1.jpg,True,1
1190056,1190056_1.jpg,True,1
1191735,1191735_1.jpg,True,1
1192011,1192011_1.jpg,True,1
1195023,1195023_1.jpg,True,1
1196011,1196011_1.jpg,True,1
1197808,1197808_1.jpg,True,1
1198807,1198807_1.jpg,True,1
1199805,1199805_1.jpg,True,1
1200010,1200010_1.jpg,True,1
1201023,1201023_1.jpg,True,1
1202715,1202715_1.jpg,True,1
1202718,1202718_1.jpg,True,1
1203020,1203020_1.jpg,True,1
1204012,1204012_1.jpg,True,1
1204014,1204014_1.jpg,True,1
1205036,1205036_1.jpg,True,1
1206040,1206040_1.jpg,True,1
1207003,1207003_1.jpg,True,1
1207004,1207004_1.jpg,True,1
1207005,1207005_1.jpg,True,1
1207006,1207006_1.jpg,True,1
1208720,1208720_1.jpg,True,1
1209009,1209009_1.jpg,True,1
1210041,1210041_1.jpg,True,1
1211040,1211040_1.jpg,True,1
1212020,1212020_1.jpg,True,1
1213032,1213032_1.jpg,True,1
1214910,1214910_1.jpg,True,1
1216008,1216008_1.jpg,True,1
1217020,1217020_1.jpg,True,1
1218020,1218020_1.jpg,True,1
1219007,1219007_1.jpg,True,1
1221809,1221809_1.jpg,True,1
1222020,1222020_1.jpg,True,1
1223018,1223018_1.jpg,True,1
1224018,1224018_1.jpg,True,1
1225006,1225006_1.jpg,True,1
1226030,1226030_1.jpg,True,1
1227028,1227028_1.jpg,True,1
1230052,1230052_1.jpg,True,1
12311024,12311024_1.jpg,True,1
1232015,1232015_1.jpg,True,1
1232020,1232020_1.jpg,True,1
1233030,1233030_1.jpg,True,1
1233040,1233040_1.jpg,True,1
1233045,1233045_1.jpg,True,1
1234044,1234044_1.jpg,True,1
1235024,1235024_1.jpg,True,1
1236018,1236018_1.jpg,True,1
1237024,1237024_1.jpg,True,1
1238109,1238109_1.jpg,True,1
1239205,1239205_1.jpg,True,1
1240008,1240008_1.jpg,True,1
1242816,1242816_1.jpg,True,1
1243806,1243806_1.jpg,True,1
1244006,1244006_1.jpg,True,1
1245015,1245015_1.png,True,1
1246008,1246008_1.jpg,True,1
1247023,1247023_1.jpg,True,1
1248010,1248010_1.jpg,True,1
1249106,1249106_1.jpg,True,1
1251009,1251009_1.jpg,True,1
1251010,1251010_1.jpg,True,1
1251015,1251015_1.jpg,True,1
1251023,1251023_1.jpg,True,1
1252015,1252015_1.jpg,True,1
1253015,1253015_1.jpg,True,1
1254021-Y,1254021-Y_1.jpg,True,1
1255010,1255010_1.jpg,True,1
1255011,1255011_1.jpg,True,1
1256014,1256014_1.png,True,1
1257020,1257020_1.jpg,True,1
1257025,1257025_1.jpg,True,1
1258025,1258025_1.jpg,True,1
1259035,1259035_1.jpg,True,1
1261108,1261108_1.jpg,True,1
1262007,1262007_1.jpg,True,1
1263020,1263020_1.jpg,True,1
126403.5,126403.5_1.jpg,True,1
1265013,1265013_1.jpg,True,1
1266006,1266006_1.jpg,True,1
1268020,1268020_1.jpg,True,1
1268030,1268030_1.jpg,True,1
1268050,1268050_1.jpg,True,1
1269019,1269019_1.png,True,1
1270020,1270020_1.jpg,True,1
1271023,1271023_1.jpg,True,1
1272008,1272008_1.png,True,1
1273011,1273011_1.jpg,True,1
1274107,1274107_1.jpg,True,1
1274109,1274109_1.jpg,True,1
1275105,1275105_1.jpg,True,1
1275106,1275106_1.jpg,True,1
1276020,1276020_1.jpg,True,1
1280805,1280805_1.jpg,True,1
128104.5,128104.5_1.jpg,True,1
128204,128204_1.jpg,True,1
1285020,1285020_1.jpg,True,1
1285025,1285025_1.jpg,True,1
128505,128505_1.jpg,True,1
128602.5,128602.5_1.jpg,True,1
1287030,1287030_1.jpg,True,1
1289-PUL,1289-PUL_1.jpg,True,1
1289025,1289025_1.jpg,True,1
1290722,1290722_1.jpg,True,1
1291024,1291024_1.jpg,True,1
1292020,1292020_1.jpg,True,1
1292025,1292025_1.jpg,True,1
1293036,1293036_1.png,True,1
1294107,1294107_1.png,True,1
1295025,1295025_1.jpg,True,1
129603,129603_1.jpg,True,1
1297025,1297025_1.jpg,True,1
1298020,1298020_1.jpg,True,1
1298025,1298025_1.jpg,True,1
1299020,1299020_1.jpg,True,1
1300034,1300034_1.jpg,True,1
1301,1301_1.png,True,1
1302106,1302106_1.jpg,True,1
1314810,1314810_1.jpg,True,1
1315028,1315028_1.jpg,True,1
1316012,1316012_1.jpg,True,1
1317032,1317032_1.jpg,True,1
1318049,1318049_1.jpg,True,1
1319080,1319080_1.jpg,True,1
1320,1320_1.jpg,True,1
132103,132103_1.jpg,True,1
132203,132203_1.jpg,True,1
132302.5,132302.5_1.jpg,True,1
1324019,1324019_1.jpg,True,1
1325910,1325910_1.jpg,True,1
1326027,1326027_1.jpg,True,1
1327810,1327810_1.jpg,True,1
1328021,1328021_1.jpg,True,1
1329,1329_1.jpg,True,1
133003,133003_1.jpg,True,1
1331019,1331019_1.jpg,True,1
1332,1332_1.jpg,True,1
133301,133301_1.jpg,True,1
133402,133402_1.jpg,True,1
133502,133502_1.jpg,True,1
1337032,1337032_1.jpg,True,1
1338025,1338025_1.jpg,True,1
133905,133905_1.jpg,True,1
1340745,1340745_1.jpg,True,1
1341720,1341720_1.jpg,True,1
1342018,1342018_1.jpg,True,1
1343015,1343015_1.jpg,True,1
134401.5,134401.5_1.jpg,True,1
1345717,1345717_1.jpg,True,1
134605,134605_1.jpg,True,1
134703,134703_1.jpg,True,1
134803,134803_1.png,True,1
1349017,1349017_1.png,True,1
135001.5,135001.5_1.jpg,True,1
1351011,1351011_1.jpg,True,1
1352020,1352020_1.jpg,True,1
135304,135304_1.png,True,1
1354106,1354106_1.jpg,True,1
1355115,1355115_1.jpg,True,1
135605,135605_1.jpg,True,1
1357(KISTIRMA),1357(KISTIRMA)_1.jpg,True,1
1358815,1358815_1.jpg,True,1
13599010,13599010_1.jpg,True,1
1359909,1359909_1.jpg,True,1
1360020,1360020_1.jpg,True,1
1361909,1361909_1.jpg,True,1
1362015,1362015_1.jpg,True,1
1362020,1362020_1.jpg,True,1
136308,136308_1.jpg,True,1
1364911,1364911_1.jpg,True,1
136502.5,136502.5_1.jpg,True,1
1366020,1366020_1.jpg,True,1
1367209,1367209_1.jpg,True,1
1368,1368_1.jpg,True,1
136903,136903_1.jpg,True,1
1370014,1370014_1.jpg,True,1
1371021,1371021_1.jpg,True,1
1372012,1372012_1.jpg,True,1
1373015.5,1373015.5_1.jpg,True,1
1374911.3,1374911.3_1.jpg,True,1
1375,1375_1.jpg,True,1
1376025,1376025_1.jpg,True,1
1377618,1377618_1.png,True,1
1378207,1378207_1.png,True,1
1378620,1378620_1.png,True,1
1379030,1379030_1.jpg,True,1
1380037,1380037_1.jpg,True,1
1381025,1381025_1.jpg,True,1
1382020,1382020_1.png,True,1
1384,1384_1.jpg,True,1
1385020,1385020_1.jpg,True,1
1386011.5,1386011.5_1.jpg,True,1
138702,138702_1.png,True,1
1388071,1388071_1.jpg,True,1
1389032,1389032_1.jpg,True,1
139005.5,139005.5_1.jpg,True,1
1391028,1391028_1.jpg,True,1
13920125,13920125_1.jpg,True,1
139303.5,139303.5_1.png,True,1
1394040,1394040_1.jpg,True,1
1395,1395_1.jpg,True,1
1396009,1396009_1.jpg,True,1
1397031.4,1397031.4_1.jpg,True,1
1398009,1398009_1.jpg,True,1
1399015,1399015_1.jpg,True,1
1399018,1399018_1.jpg,True,1
1399021,1399021_1.jpg,True,1
1400802,1400802_1.jpg,True,1
1401019,1401019_1.png,True,1
1402030,1402030_1.jpg,True,1
1403040,1403040_1.png,True,1
140404,140404_1.jpg,True,1
1405033,1405033_1.jpg,True,1
1406030,1406030_1.jpg,True,1
1407030,1407030_1.jpg,True,1
1408026,1408026_1.png,True,1
1409014,1409014_1.jpg,True,1
1410040,1410040_1.jpg,True,1
1411030,1411030_1.png,True,1
1412020,1412020_1.jpg,True,1
141302.5,141302.5_1.jpg,True,1
1414050,1414050_1.jpg,True,1
1415820,1415820_1.jpeg,True,1
141601.5,141601.5_1.png,True,1
1417026,1417026_1.jpg,True,1
1418020,1418020_1.jpg,True,1
1420,1420_1.jpg,True,1
1422027,1422027_1.jpg,True,1
1423016,1423016_1.jpeg,True,1
1424021,1424021_1.jpg,True,1
1425024,1425024_1.png,True,1
1426004,1426004_1.jpg,True,1
1427911,1427911_1.jpg,True,1
1428048,1428048_1.jpg,True,1
1428050,1428050_1.jpg,True,1
1429023,1429023_1.jpg,True,1
1430030,1430030_1.jpg,True,1
1431020,1431020_1.jpg,True,1
1432020,1432020_1.jpg,True,1
1433,1433_1.jpg,True,1
1434030,1434030_1.png,True,1
1435015,1435015_1.jpg,True,1
1436060,1436060_1.jpg,True,1
143703.5,143703.5_1.jpg,True,1
1438014,1438014_1.jpg,True,1
1439020,1439020_1.jpg,True,1
1440010,1440010_1.jpg,True,1
1441008,1441008_1.jpg,True,1
1442,1442_1.jpg,True,1
1443,1443_1.jpg,True,1
1444,1444_1.jpg,True,1
1445025,1445025_1.jpg,True,1
1446014,1446014_1.jpg,True,1
1447030,1447030_1.jpg,True,1
1448040,1448040_1.png,True,1
1449021,1449021_1.jpg,True,1
1450012,1450012_1.jpg,True,1
1451050,1451050_1.jpg,True,1
1452035,1452035_1.jpg,True,1
1453070,1453070_1.jpg,True,1
1454020,1454020_1.png,True,1
1455045,1455045_1.png,True,1
1455050,1455050_1.png,True,1
1456013,1456013_1.jpg,True,1
1456030,1456030_1.jpg,True,1
1457020,1457020_1.png,True,1
1458020,1458020_1.png,True,1
1459016,1459016_1.png,True,1
1465035,1465035_1.png,True,1
1465040,1465040_1.png,True,1
1465050,1465050_1.png,True,1
1465070,1465070_1.png,True,1
1466013,1466013_1.png,True,1
1467010,1467010_1.png,True,1
1468015,1468015_1.png,True,1
1469015,1469015_1.png,True,1
1470720,1470720_1.png,True,1
1471025,1471025_1.jpg,True,1
1472015,1472015_1.jpg,True,1
1472018,1472018_1.jpg,True,1
1474815,1474815_1.png,True,1
1475818,1475818_1.jpg,True,1
1476013,1476013_1.jpg,True,1
1476015,1476015_1.jpg,True,1
1476017,1476017_1.jpg,True,1
1477025,1477025_1.jpg,True,1
1478016,1478016_1.png,True,1
1480012,1480012_1.png,True,1
14810065,14810065_1.png,True,1
1481025,1481025_1.png,True,1
1481030,1481030_1.png,True,1
1481035,1481035_1.png,True,1
1481040,1481040_1.png,True,1
1481045,1481045_1.png,True,1
1481055,1481055_1.png,True,1
1481060,1481060_1.png,True,1
14820100,14820100_1.png,True,1
1482030,1482030_1.png,True,1
1482040,1482040_1.png,True,1
1482050,1482050_1.png,True,1
1482060,1482060_1.png,True,1
1482080,1482080_1.png,True,1
1483918,1483918_1.jpg,True,1
1484046,1484046_1.jpg,True,1
1486025,1486025_1.jpg,True,1
1487090,1487090_1.jpg,True,1
1488040,1488040_1.jpg,True,1
1489,1489_1.jpg,True,1
1490,1490_1.jpg,True,1
1491,1491_1.png,True,1
149204.5,149204.5_1.jpg,True,1
1494020,1494020_1.png,True,1
1495011,1495011_1.jpg,True,1
1497025,1497025_1.png,True,1
1498012.5,1498012.5_1.png,True,1
1500,1500_1.png,True,1
1501,1501_1.png,True,1
1503,1503_1.png,True,1
1504080,1504080_1.png,True,1
1505917,1505917_1.png,True,1
1505921,1505921_1.png,True,1
1506070,1506070_1.png,True,1
1507040,1507040_1.png,True,1
1508025,1508025_1.jpg,True,1
1509020,1509020_1.png,True,1
1510015,1510015_1.png,True,1
1512011,1512011_1.jpg,True,1
1513045,1513045_1.jpg,True,1
1515010,1515010_1.jpg,True,1
1519,1519_1.jpg,True,1
1520,1520_1.jpg,True,1
1521,1521_1.jpg,True,1
1522024,1522024_1.png,True,1
1524034,1524034_1.jpg,True,1
1525039,1525039_1.png,True,1
1526008,1526008_1.jpg,True,1
1527020,1527020_1.jpg,True,1
1529010,1529010_1.png,True,1
1530007,1530007_1.png,True,1
1531070,1531070_1.jpeg,True,1
1532025,1532025_1.jpg,True,1
1533012,1533012_1.jpg,True,1
1534006,1534006_1.jpg,True,1
1536039,1536039_1.jpg,True,1
1537210,1537210_1.jpg,True,1
1538210,1538210_1.jpg,True,1
1539025,1539025_1.jpg,True,1
1540020,1540020_1.jpg,True,1
1541,1541_1.jpg,True,1
1542026,1542026_1.jpg,True,1
1545045,1545045_1.png,True,1
1546030,1546030_1.jpg,True,1
1548046,1548046_1.png,True,1
1549012,1549012_1.jpg,True,1
1551027,1551027_1.jpg,True,1
1552016,1552016_1.jpg,True,1
1552030,1552030_1.jpg,True,1
15533030,15533030_1.jpg,True,1
1554022,1554022_1.jpg,True,1
155607.81,155607.81_1.jpg,True,1
1557012,1557012_1.jpg,True,1
1558008,1558008_1.jpg,True,1
1559036,1559036_1.png,True,1
1560720,1560720_1.jpg,True,1
156109,156109_1.png,True,1
1562010,1562010_1.jpg,True,1
1563022,1563022_1.jpg,True,1
1564724,1564724_1.jpg,True,1
1565040,1565040_1.jpg,True,1
1566,1566_1.jpg,True,1
1567049,1567049_1.jpg,True,1
1569010,1569010_1.jpg,True,1
1570020,1570020_1.jpg,True,1
1571016.55,1571016.55_1.jpg,True,1
1572023,1572023_1.jpg,True,1
1573031,1573031_1.jpg,True,1
1574920,1574920_1.jpg,True,1
1575920,1575920_1.jpg,True,1
1576060,1576060_1.jpg,True,1
1577040,1577040_1.jpg,True,1
1578207,1578207_1.jpg,True,1
1579914,1579914_1.jpg,True,1
1580627,1580627_1.jpg,True,1
1580728,1580728_1.jpg,True,1
1581017,1581017_1.jpg,True,1
1582050,1582050_1.jpg,True,1
1583207,1583207_1.jpg,True,1
1584006,1584006_1.jpg,True,1
1586018,1586018_1.jpg,True,1
1587012,1587012_1.jpg,True,1
1588007,1588007_1.jpg,True,1
1589910,1589910_1.jpg,True,1
1590015,1590015_1.jpg,True,1
1590020,1590020_1.jpeg,True,1
1591020,1591020_1.jpg,True,1
1592030,1592030_1.jpg,True,1
1592030-P,1592030-P_1.jpg,True,1
1593925,1593925_1.jpg,True,1
15940022.5,15940022.5_1.jpg,True,1
1594020,1594020_1.jpg,True,1
1595012.5,1595012.5_1.jpg,True,1
1595015,1595015_1.jpg,True,1
1595015,1595015_2.jpg,False,2
1595016.5,1595016.5_1.jpg,True,1
1595018,1595018_1.jpg,True,1
1595020,1595020_1.jpg,True,1
1595023,1595023_1.jpg,True,1
1595025,1595025_1.jpg,True,1
1596019,1596019_1.jpg,True,1
1597014,1597014_1.jpg,True,1
1598026,1598026_1.jpg,True,1
1599008,1599008_1.jpg,True,1
1600049,1600049_1.jpeg,True,1
1601035,1601035_1.jpg,True,1
1602030,1602030_1.jpg,True,1
1603040,1603040_1.jpg,True,1
1603050,1603050_1.jpg,True,1
1603060,1603060_1.jpg,True,1
1603912,1603912_1.jpg,True,1
16049013,16049013_1.jpg,True,1
1604923,1604923_1.jpg,True,1
1605020,1605020_1.jpg,True,1
1605025,1605025_1.jpg,True,1
1605030,1605030_1.jpg,True,1
1605035,1605035_1.jpg,True,1
1605040,1605040_1.jpg,True,1
1605045,1605045_1.jpg,True,1
1605050,1605050_1.jpg,True,1
1605055,1605055_1.jpg,True,1
1605060,1605060_1.jpg,True,1
1605065,1605065_1.jpg,True,1
1605070,1605070_1.jpg,True,1
1606915,1606915_1.jpeg,True,1
1606915,1606915_2.jpg,False,2
1606923,1606923_1.jpg,True,1
1606925,1606925_1.jpg,True,1
1606927,1606927_1.jpg,True,1
1606934,1606934_1.jpg,True,1
1607015,1607015_1.jpg,True,1
1607017,1607017_1.jpg,True,1
1607020,1607020_1.jpg,True,1
1607023,1607023_1.jpg,True,1
1607025,1607025_1.jpg,True,1
1608010,1608010_1.jpg,True,1
1608012,1608012_1.jpg,True,1
1608015,1608015_1.jpeg,True,1
1608017,1608017_1.jpg,True,1
1608023,1608023_1.jpg,True,1
1608025,1608025_1.jpg,True,1
1608030,1608030_1.jpg,True,1
1608036,1608036_1.jpg,True,1
1609020,1609020_1.jpg,True,1
1610022,1610022_1.jpg,True,1
1611045,1611045_1.jpg,True,1
16127016,16127016_1.jpg,True,1
16127028,16127028_1.jpg,True,1
1612726,1612726_1.jpg,True,1
1613617,1613617_1.jpg,True,1
16158010,16158010_1.jpg,True,1
16158013,16158013_1.jpg,True,1
1616820,1616820_1.jpg,True,1
16170100,16170100_1.jpg,True,1
1618923,1618923_1.jpg,True,1
1619015,1619015_1.jpg,True,1
1620023,1620023_1.jpg,True,1
1621080,1621080_1.jpg,True,1
1622090,1622090_1.jpg,True,1
1623025.5,1623025.5_1.jpg,True,1
162405.5,162405.5_1.jpg,True,1
1625020,1625020_1.jpg,True,1
1626015,1626015_1.jpg,True,1
1626716.5,1626716.5_1.jpg,True,1
1627053,1627053_1.jpg,True,1
1629050,1629050_1.jpg,True,1
1631024,1631024_1.png,True,1
1632039,1632039_1.jpg,True,1
1633040,1633040_1.jpg,True,1
1634,1634_1.png,True,1
1636049,1636049_1.jpg,True,1
1637070,1637070_1.jpg,True,1
1638025.4,1638025.4_1.jpg,True,1
1639015,1639015_1.jpg,True,1
1640011,1640011_1.jpg,True,1
1641010.5,1641010.5_1.png,True,1
1642015,1642015_1.jpg,True,1
1643014,1643014_1.jpg,True,1
1643015,1643015_1.jpg,True,1
1643020,1643020_1.jpg,True,1
1644811,1644811_1.jpg,True,1
1645011.3,1645011.3_1.jpg,True,1
1646909,1646909_1.png,True,1
1647021-B,1647021-B_1.jpg,True,1
1647022-C,1647022-C_1.jpg,True,1
1647025-A,1647025-A_1.jpg,True,1
1648014,1648014_1.jpg,True,1
1648017,1648017_1.jpg,True,1
1648020,1648020_1.jpg,True,1
1648022,1648022_1.jpg,True,1
1648026,1648026_1.jpg,True,1
1649022,1649022_1.jpg,True,1
1653048,1653048_1.jpg,True,1
1654017,1654017_1.jpg,True,1
1654022,1654022_1.jpg,True,1
1655012,1655012_1.png,True,1
1656015,1656015_1.jpg,True,1
1656019,1656019_1.jpg,True,1
1657023,1657023_1.jpg,True,1
1658909,1658909_1.png,True,1
1659048,1659048_1.jpg,True,1
1660918,1660918_1.png,True,1
1661015,1661015_1.jpg,True,1
1662010,1662010_1.png,True,1
1663011.5,1663011.5_1.png,True,1
1664014,1664014_1.jpg,True,1
1665030,1665030_1.jpg,True,1
1666,1666_1.jpg,True,1
1667010,1667010_1.jpg,True,1
1668014,1668014_1.jpg,True,1
1669012,1669012_1.jpg,True,1
1669015,1669015_1.jpg,True,1
1669017,1669017_1.jpg,True,1
1669021,1669021_1.jpg,True,1
1669025,1669025_1.jpg,True,1
1670015,1670015_1.png,True,1
1671010,1671010_1.jpg,True,1
1672015,1672015_1.jpg,True,1
1672017,1672017_1.jpg,True,1
1672022,1672022_1.jpg,True,1
1673013,1673013_1.jpg,True,1
1674022,1674022_1.jpg,True,1
1675015,1675015_1.jpg,True,1
1675017,1675017_1.jpg,True,1
1676010,1676010_1.jpg,True,1
1677015,1677015_1.jpeg,True,1
1677017,1677017_1.jpeg,True,1
1677020,1677020_1.jpeg,True,1
1677022,1677022_1.jpeg,True,1
1678015,1678015_1.jpg,True,1
1680015,1680015_1.jpg,True,1
1680018,1680018_1.jpg,True,1
1681018,1681018_1.jpg,True,1
1681024-H,1681024-H_1.jpg,True,1
1682015,1682015_1.jpg,True,1
1683011,1683011_1.jpg,True,1
1684019,1684019_1.jpg,True,1
1685014,1685014_1.jpg,True,1
1686023,1686023_1.jpg,True,1
1687015,1687015_1.jpg,True,1
1687017,1687017_1.jpg,True,1
1687020,1687020_1.jpg,True,1
1687023,1687023_1.jpg,True,1
1687025,1687025_1.jpg,True,1
1688023,1688023_1.jpg,True,1
1688026,1688026_1.jpg,True,1
1689010,1689010_1.jpg,True,1
1690013,1690013_1.jpg,True,1
1691013,1691013_1.jpg,True,1
1692006,1692006_1.jpg,True,1
1693010,1693010_1.jpg,True,1
1694018,1694018_1.jpg,True,1
1695020,1695020_1.jpg,True,1
1696010,1696010_1.jpg,True,1
1696012,1696012_1.jpg,True,1
1697024,1697024_1.jpg,True,1
1698024,1698024_1.jpg,True,1
1699026,1699026_1.jpg,True,1
1700015,1700015_1.png,True,1
1700015,1700015_2.jpg,False,2
1700021,1700021_1.jpg,True,1
1700023,1700023_1.jpg,True,1
1700721,1700721_1.jpeg,True,1
1701013,1701013_1.jpg,True,1
1702010,1702010_1.jpg,True,1
1702012,1702012_1.jpg,True,1
1702015,1702015_1.jpg,True,1
1702020,1702020_1.jpg,True,1
1703012,1703012_1.jpg,True,1
1704008,1704008_1.jpg,True,1
1705007,1705007_1.jpg,True,1
1706006,1706006_1.jpg,True,1
1707009,1707009_1.jpg,True,1
1708014,1708014_1.jpg,True,1
1709008,1709008_1.jpg,True,1
1710010,1710010_1.jpg,True,1
1711015,1711015_1.jpg,True,1
1712019,1712019_1.jpg,True,1
1713016,1713016_1.jpg,True,1
1714015,1714015_1.jpg,True,1
1715012,1715012_1.jpg,True,1
1716015,1716015_1.jpg,True,1
1717017.5,1717017.5_1.jpg,True,1
1718015,1718015_1.jpg,True,1
1719025,1719025_1.jpg,True,1
1720020,1720020_1.jpg,True,1
1721010.7,1721010.7_1.jpeg,True,1
1721016,1721016_1.png,True,1
1722016,1722016_1.jpg,True,1
1723011,1723011_1.jpg,True,1
1724008,1724008_1.jpg,True,1
1725045,1725045_1.png,True,1
1726008,1726008_1.jpg,True,1
1727040,1727040_1.jpg,True,1
1728012,1728012_1.jpg,True,1
1728015,1728015_1.jpg,True,1
172907.5,172907.5_1.jpg,True,1
1730030,1730030_1.png,True,1
1731014,1731014_1.jpeg,True,1
1732040,1732040_1.png,True,1
1733040,1733040_1.png,True,1
1734040,1734040_1.png,True,1
1735050,1735050_1.png,True,1
1735050,1735050_2.png,False,2
1736030,1736030_1.png,True,1
1737043,1737043_1.png,True,1
1737063,1737063_1.png,True,1
1737075,1737075_1.png,True,1
1738015,1738015_1.png,True,1
1739,1739_1.jpg,True,1
1740015,1740015_1.png,True,1
1741023,1741023_1.jpeg,True,1
1741025,1741025_1.jpeg,True,1
1742021,1742021_1.png,True,1
1743010,1743010_1.png,True,1
1744040,1744040_1.jpeg,True,1
1745820,1745820_1.png,True,1
1746020,1746020_1.jpeg,True,1
1746023,1746023_1.jpeg,True,1
1746025,1746025_1.jpeg,True,1
1748910,1748910_1.jpeg,True,1
1749035,1749035_1.png,True,1
1750070,1750070_1.png,True,1
1751021,1751021_1.jpeg,True,1
1752023,1752023_1.png,True,1
1752025,1752025_1.png,True,1
1752723,1752723_1.jpeg,True,1
1753020,1753020_1.png,True,1
1754022,1754022_1.png,True,1
1755012,1755012_1.jpg,True,1
1755912,1755912_1.jpg,True,1
1756040,1756040_1.png,True,1
1756050,1756050_1.png,True,1
1757020,1757020_1.png,True,1
1758040,1758040_1.jpeg,True,1
1759018,1759018_1.png,True,1
1760018,1760018_1.png,True,1
1761005,1761005_1.png,True,1
1762050,1762050_1.png,True,1
1763010,1763010_1.png,True,1
1764009,1764009_1.png,True,1
1765715.4,1765715.4_1.png,True,1
1766010,1766010_1.png,True,1
1767616,1767616_1.png,True,1
1768033,1768033_1.png,True,1
1769015,1769015_1.jpeg,True,1
1769017,1769017_1.jpeg,True,1
1769022,1769022_1.jpeg,True,1
1770015,1770015_1.jpeg,True,1
1770017,1770017_1.jpeg,True,1
1770020,1770020_1.jpeg,True,1
1770022,1770022_1.jpeg,True,1
1770023,1770023_1.jpeg,True,1
1771014,1771014_1.png,True,1
1772017,1772017_1.jpeg,True,1
1773010,1773010_1.png,True,1
1774043,1774043_1.png,True,1
1775030,1775030_1.png,True,1
1775050,1775050_1.png,True,1
1775057,1775057_1.png,True,1
1776040,1776040_1.png,True,1
1777025,1777025_1.png,True,1
1778012,1778012_1.jpeg,True,1
1778015,1778015_1.jpeg,True,1
1778017,1778017_1.jpeg,True,1
1778020,1778020_1.jpeg,True,1
1778024,1778024_1.jpeg,True,1
1779910,1779910_1.png,True,1
1780020,1780020_1.jpeg,True,1
1780023,1780023_1.jpeg,True,1
1780720,1780720_1.jpg,True,1
1781017,1781017_1.jpeg,True,1
1781020,1781020_1.jpeg,True,1
1782009,1782009_1.jpg,True,1
1783015,1783015_1.jpeg,True,1
1783017,1783017_1.jpeg,True,1
1783020,1783020_1.jpeg,True,1
1783023,1783023_1.jpeg,True,1
1784023,1784023_1.jpeg,True,1
17859015,17859015_1.jpg,True,1
17859019,17859019_1.jpg,True,1
1786010.5,1786010.5_1.jpeg,True,1
1786012,1786012_1.jpeg,True,1
1786017,1786017_1.jpeg,True,1
1786020,1786020_1.jpeg,True,1
1787015.5,1787015.5_1.jpeg,True,1
1787018,1787018_1.jpeg,True,1
1787720,1787720_1.jpeg,True,1
1787723,1787723_1.jpeg,True,1
1788010,1788010_1.jpeg,True,1
1789010,1789010_1.jpeg,True,1
1790010,1790010_1.jpeg,True,1
1791010,1791010_1.jpeg,True,1
1792035,1792035_1.jpg,True,1
1793024,1793024_1.jpg,True,1
1794015,1794015_1.jpeg,True,1
1794017,1794017_1.jpeg,True,1
1794020,1794020_1.jpeg,True,1
1794023,1794023_1.jpeg,True,1
1794025,1794025_1.jpeg,True,1
1795015,1795015_1.jpeg,True,1
1795017,1795017_1.jpeg,True,1
1795020,1795020_1.jpeg,True,1
1795023,1795023_1.jpeg,True,1
1795025,1795025_1.jpeg,True,1
1796915,1796915_1.jpg,True,1
1797018,1797018_1.jpeg,True,1
1799021,1799021_1.jpeg,True,1
1800020,1800020_1.jpeg,True,1
1801040,1801040_1.jpg,True,1
1801060-K,1801060-K_1.jpeg,True,1
1802050,1802050_1.jpg,True,1
1805012-ESKI,1805012-ESKI.jpeg,True,1
1805012-YENI,1805012-YENI.jpg,True,1
1806015,1806015_1.jpeg,True,1
1807015,1807015_1.jpeg,True,1
1807015021.5,1807015021.5_1.jpeg,True,1
1807020,1807020_1.jpeg,True,1
1808015,1808015_1.jpg,True,1
1808020,1808020_1.jpg,True,1
1809915,1809915_1.jpg,True,1
1810006,1810006_1.jpg,True,1
1811030,1811030_1.jpg,True,1
1812015,1812015_1.jpeg,True,1
1812017,1812017_1.jpeg,True,1
1812020,1812020_1.jpeg,True,1
1812023,1812023_1.jpeg,True,1
1812025,1812025_1.jpeg,True,1
1812027,1812027_1.jpeg,True,1
1813015,1813015_1.jpeg,True,1
1813016,1813016_1.jpeg,True,1
1813020,1813020_1.jpeg,True,1
1813025,1813025_1.jpeg,True,1
1813030,1813030_1.jpeg,True,1
1816011,1816011_1.jpg,True,1
1817009,1817009_1.jpeg,True,1
1818015,1818015_1.jpeg,True,1
1818020,1818020_1.jpeg,True,1
1818023,1818023_1.jpeg,True,1
1819011,1819011_1.jpeg,True,1
1819012,1819012_1.jpeg,True,1
1819015,1819015_1.jpeg,True,1
1819016,1819016_1.jpeg,True,1
1819020,1819020_1.jpeg,True,1
1819022,1819022_1.jpeg,True,1
1819026.5,1819026.5_1.jpeg,True,1
1820008,1820008_1.jpg,True,1
1821050,1821050_1.jpg,True,1
182160,182160_1.jpeg,True,1
1822011,1822011_1.jpeg,True,1
1822017,1822017_1.jpeg,True,1
1822020,1822020_1.jpeg,True,1
1822022,1822022_1.jpeg,True,1
1823009,1823009_1.png,True,1
1823011,1823011_1.png,True,1
1824013,1824013_1.jpg,True,1
18250130,18250130_1.png,True,1
1826015,1826015_1.jpeg,True,1
1826020,1826020_1.jpeg,True,1
1826023,1826023_1.jpeg,True,1
1826025,1826025_1.jpeg,True,1
1827018,1827018_1.png,True,1
1828017,1828017_1.png,True,1
1829011,1829011_1.jpeg,True,1
1829015,1829015_1.jpeg,True,1
1829017,1829017_1.jpeg,True,1
1829020,1829020_1.jpeg,True,1
1829021,1829021_1.png,True,1
1829022,1829022_1.jpeg,True,1
1830012,1830012_1.jpeg,True,1
1830015,1830015_1.jpeg,True,1
1830017,1830017_1.jpeg,True,1
1830020,1830020_1.jpeg,True,1
1830023,1830023_1.jpeg,True,1
1830024,1830024_1.jpeg,True,1
1831050,1831050_1.png,True,1
1832020,1832020_1.jpeg,True,1
1832025,1832025_1.jpeg,True,1
1833025,1833025_1.jpeg,True,1
1834065,1834065_1.png,True,1
1835050,1835050_1.png,True,1
1836040,1836040_1.png,True,1
1837011,1837011_1.jpeg,True,1
1838040,1838040_1.png,True,1
1839010,1839010_1.jpeg,True,1
1839012,1839012_1.jpeg,True,1
1839014,1839014_1.jpeg,True,1
1840025,1840025_1.png,True,1
1841012,1841012_1.jpeg,True,1
1842115,1842115_1.png,True,1
1843025,1843025_1.png,True,1
1844085,1844085_1.png,True,1
1845011,1845011_1.jpeg,True,1
1845015,1845015_1.jpeg,True,1
1845017,1845017_1.jpeg,True,1
1845019,1845019_1.jpeg,True,1
1845020,1845020_1.jpeg,True,1
1846011,1846011_1.jpeg,True,1
1846016,1846016_1.jpeg,True,1
1846020,1846020_1.png,True,1
1846022,1846022_1.jpeg,True,1
1846025,1846025_1.jpeg,True,1
1847105,1847105_1.png,True,1
1848005,1848005_1.png,True,1
1849015,1849015_1.jpeg,True,1
1849017,1849017_1.jpeg,True,1
18500917,18500917_1.png,True,1
1851912.5,1851912.5_1.png,True,1
1852017,1852017_1.png,True,1
1853012,1853012_1.jpeg,True,1
1853015,1853015_1.jpeg,True,1
1853021,1853021_1.jpeg,True,1
1853024,1853024_1.jpeg,True,1
1855023,1855023_1.jpeg,True,1
1856016,1856016_1.png,True,1
1857010,1857010_1.jpeg,True,1
1858018,1858018_1.png,True,1
1858024,1858024_1.jpeg,True,1
1858030,1858030_1.jpeg,True,1
1859925,1859925_1.png,True,1
1860015,1860015_1.jpeg,True,1
1861016,1861016_1.png,True,1
1862010,1862010_1.png,True,1
1863025,1863025_1.jpeg,True,1
1864020,1864020_1.png,True,1
1865040,1865040_1.png,True,1
1866040,1866040_1.png,True,1
18677023,18677023_1.png,True,1
1868010,1868010_1.png,True,1
1868012,1868012_1.png,True,1
1868015,1868015_1.png,True,1
1869010,1869010_1.png,True,1
1870010,1870010_1.png,True,1
1871111,1871111_1.png,True,1
1872015,1872015_1.png,True,1
1873040,1873040_1.png,True,1
1874045,1874045_1.png,True,1
187507,187507_1.png,True,1
187606.5,187606.5_1.png,True,1
1877004,1877004_1.png,True,1
1878820,1878820_1.png,True,1
1879012,1879012_1.png,True,1
1880012,1880012_1.png,True,1
1881017,1881017_1.png,True,1
1882020,1882020_1.png,True,1
1883026,1883026_1.png,True,1
1884065,1884065_1.png,True,1
1885015,1885015_1.png,True,1
1886023,1886023_1.png,True,1
188705,188705_1.png,True,1
1888040,1888040_1.png,True,1
1889007,1889007_1.png,True,1
189012,189012_1.jpeg,True,1
1891010,1891010_1.jpeg,True,1
1891015,1891015_1.jpeg,True,1
1891017,1891017_1.jpeg,True,1
1891020,1891020_1.jpeg,True,1
1892043,1892043_1.png,True,1
1892043-K,1892043-K_1.jpeg,True,1
1893032,1893032_1.png,True,1
1894009,1894009_1.png,True,1
1895010,1895010_1.png,True,1
189607,189607_1.jpeg,True,1
189705,189705_1.png,True,1
189806,189806_1.png,True,1
1899010,1899010_1.jpeg,True,1
1900011.5,1900011.5_1.png,True,1
1900011.7,1900011.7_1.png,True,1
1901015,1901015_1.jpeg,True,1
1901017,1901017_1.jpeg,True,1
1901020,1901020_1.jpeg,True,1
1901023,1901023_1.jpeg,True,1
1901033,1901033_1.jpeg,True,1
1902014,1902014_1.jpg,True,1
1902020.5,1902020.5_1.jpg,True,1
1902024.5,1902024.5_1.jpg,True,1
1903912,1903912_1.jpeg,True,1
1904020,1904020_1.png,True,1
1905022,1905022_1.jpeg,True,1
1906010,1906010_1.png,True,1
1907015,1907015_1.png,True,1
190802,190802_1.png,True,1
1909018,1909018_1.jpeg,True,1
19100011,19100011_1.jpeg,True,1
1910009,1910009_1.jpeg,True,1
1911050,1911050_1.jpeg,True,1
1912030,1912030_1.jpeg,True,1
1913075,1913075_1.png,True,1
1914070,1914070_1.png,True,1
191509.9,191509.9_1.png,True,1
1916010,1916010_1.jpg,True,1
1916013,1916013_1.jpg,True,1
1916015,1916015_1.jpg,True,1
1916016,1916016_1.jpg,True,1
1916018,1916018_1.jpg,True,1
1916020,1916020_1.jpg,True,1
1917022,1917022_1.jpeg,True,1
1918012-15,1918012-15_1.png,True,1
1919039.5,1919039.5_1.png,True,1
1920023,1920023_1.jpeg,True,1
192109,192109_1.png,True,1
1922028,1922028_1.png,True,1
19230110,19230110_1.png,True,1
1924022,1924022_1.jpg,True,1
1925912,1925912_1.png,True,1
1926015,1926015_1.jpeg,True,1
1927037.5,1927037.5_1.png,True,1
1928043.5,1928043.5_1.png,True,1
192909,192909_1.jpeg,True,1
1930050,1930050_1.jpeg,True,1
1931011,1931011_1.jpeg,True,1
1932-818,1932-818_1.png,True,1
1933020,1933020_1.jpg,True,1
1934040,1934040_1.jpg,True,1
1935037,1935037_1.jpg,True,1
1935045,1935045_1.jpg,True,1
1935056,1935056_1.jpg,True,1
1935064,1935064_1.jpg,True,1
1936016,1936016_1.jpg,True,1
1936028,1936028_1.jpg,True,1
1936034,1936034_1.jpg,True,1
1937017.8,1937017.8_1.jpg,True,1
1938023.4,1938023.4_1.jpg,True,1
1939018,1939018_1.png,True,1
1940012.7,1940012.7_1.png,True,1
1941059.4,1941059.4_1.jpg,True,1
1942021.1,1942021.1_1.jpg,True,1
1943819,1943819_1.jpg,True,1
1944020,1944020_1.jpeg,True,1
1944030,1944030_1.jpeg,True,1
1945010,1945010_1.jpeg,True,1
1946025,1946025_1.jpg,True,1
1946030,1946030_1.jpg,True,1
1946037,1946037_1.jpg,True,1
1946046,1946046_1.jpg,True,1
1946057,1946057_1.jpg,True,1
1947013,1947013_1.jpg,True,1
1948025,1948025_1.jpg,True,1
1949050,1949050_1.jpg,True,1
195023,195023_1.png,True,1
1951020,1951020_1.jpeg,True,1
1954008,1954008_1.jpeg,True,1
1955015,1955015_1.jpeg,True,1
1956020,1956020_1.jpeg,True,1
1957021,1957021_1.jpeg,True,1
1958035,1958035_1.jpeg,True,1
1959030,1959030_1.jpeg,True,1
1961008,1961008_1.jpeg,True,1
1962006,1962006_1.jpeg,True,1
1967010,1967010_1.png,True,1
1968025,1968025_1.jpeg,True,1
1969050,1969050_1.jpeg,True,1
1969112,1969112_1.png,True,1
1970090,1970090_1.jpeg,True,1
1971025,1971025_1.png,True,1
1973035,1973035_1.jpeg,True,1
1973035,1973035_2.jpeg,False,2
1974010,1974010_1.png,True,1
197522.5,197522.5_1.jpeg,True,1
1976110,1976110_1.jpeg,True,1
1977047,1977047_1.jpeg,True,1
1978030,1978030_1.jpeg,True,1
1979023,1979023_1.jpeg,True,1
198040,198040_1.jpeg,True,1
1981010.5,1981010.5_1.jpeg,True,1
1982030,1982030_1.jpeg,True,1
1983040,1983040_1.jpeg,True,1
1984064,1984064_1.png,True,1
1985030,1985030_1.jpeg,True,1
19860110,19860110_1.jpeg,True,1
1986020,1986020_1.jpeg,True,1
1987020,1987020_1.png,True,1
1988030,1988030_1.jpeg,True,1
1989055,1989055_1.png,True,1
1990709,1990709_1.jpeg,True,1
1991045,1991045_1.jpeg,True,1
1992010,1992010_1.png,True,1
1992028,1992028_1.png,True,1
1993068,1993068_1.jpeg,True,1
1994040,1994040_1.jpeg,True,1
1995015,1995015_1.jpeg,True,1
1996025,1996025_1.jpeg,True,1
1997020,1997020_1.jpeg,True,1
1998017,1998017_1.jpeg,True,1
1999025,1999025_1.jpeg,True,1
2000030,2000030_1.jpeg,True,1
2001015,2001015_1.jpeg,True,1
2002030,2002030_1.jpeg,True,1
2003058,2003058_1.jpeg,True,1
2004029,2004029_1.png,True,1
2005062,2005062_1.jpeg,True,1
2006058,2006058_1.jpeg,True,1
2007015,2007015_1.jpeg,True,1
2008040,2008040_1.jpeg,True,1
2009015,2009015_1.jpeg,True,1
2009015,2009015_2.png,False,2
2009020,2009020_1.jpeg,True,1
200917.5,200917.5_1.jpeg,True,1
2010015,2010015_1.jpeg,True,1
201010,201010_1.png,True,1
2011035,2011035_1.jpeg,True,1
2012058,2012058_1.jpeg,True,1
2013-pl,2013-pl_1.jpeg,True,1
2014043,2014043_1.jpeg,True,1
2015015,2015015_1.jpeg,True,1
201605.5,201605.5_1.jpeg,True,1
2017012,2017012_1.jpeg,True,1
2018020,2018020_1.jpeg,True,1
2018023,2018023_1.jpeg,True,1
2019051.5,2019051.5_1.jpeg,True,1
2021910,2021910_1.jpeg,True,1
2022960,2022960_1.jpeg,True,1
2023015,2023015_1.jpeg,True,1
2023022.5,2023022.5_1.jpeg,True,1
2024053,2024053_1.png,True,1
2025050,2025050_1.jpeg,True,1
202635.7,202635.7_1.png,True,1
2027010,2027010_1.jpeg,True,1
2028012,2028012_1.jpeg,True,1
2029020,2029020_1.png,True,1
2030030,2030030_1.jpeg,True,1
2031052,2031052_1.jpeg,True,1
2032909,2032909_1.jpeg,True,1
2033050,2033050_1.png,True,1
2033060,2033060_1.png,True,1
2034035,2034035_1.png,True,1
2035020,2035020_1.png,True,1
2037023,2037023_1.jpeg,True,1
2038045,2038045_1.jpeg,True,1
2039010.5,2039010.5_1.png,True,1
2040044.7,2040044.7_1.jpeg,True,1
2041023,2041023_1.jpeg,True,1
2042018,2042018_1.jpeg,True,1
2043008,2043008_1.jpeg,True,1
2044007,2044007_1.jpeg,True,1
2045039,2045039_1.jpeg,True,1
2045039-PUL,2045039-PUL_1.jpeg,True,1
2046032.7,2046032.7_1.jpeg,True,1
2047010,2047010_1.jpeg,True,1
2048025,2048025_1.png,True,1
2049027,2049027_1.png,True,1
2050030,2050030_1.jpeg,True,1
2051709,2051709_1.jpeg,True,1
2052055,2052055_1.png,True,1
2053014,2053014_1.jpeg,True,1
2054030,2054030_1.png,True,1
2055018,2055018_1.png,True,1
205608,205608_1.png,True,1
2057015,2057015_1.jpeg,True,1
2058050,2058050_1.png,True,1
2059050,2059050_1.png,True,1
2060040,2060040_1.png,True,1
2061927,2061927_1.jpeg,True,1
2062030,2062030_1.png,True,1
2063923,2063923_1.jpeg,True,1
2064020,2064020_1.jpeg,True,1
2065020,2065020_1.jpg,True,1
2066020,2066020_1.png,True,1
2066025,2066025_1.jpeg,True,1
2067018,2067018_1.png,True,1
2068007,2068007_1.jpeg,True,1
2069050,2069050_1.jpeg,True,1
2070018,2070018_1.jpeg,True,1
2070034,2070034_1.jpeg,True,1
2070933,2070933_1.jpeg,True,1
2071025,2071025_1.png,True,1
2071035,2071035_1.jpeg,True,1
2072040,2072040_1.jpeg,True,1
2072045,2072045_1.jpeg,True,1
2073018,2073018_1.jpeg,True,1
2074028,2074028_1.jpeg,True,1
2075023,2075023_1.jpeg,True,1
2076086.5,2076086.5_1.jpeg,True,1
2077040,2077040_1.jpeg,True,1
2078037,2078037_1.jpeg,True,1
2078149,2078149_1.jpeg,True,1
2079009,2079009_1.jpeg,True,1
208006,208006_1.jpeg,True,1
2081015,2081015_1.jpeg,True,1
2081023,2081023_1.jpeg,True,1
2082040,2082040_1.jpeg,True,1
2083029,2083029_1.jpeg,True,1
2084028,2084028_1.jpeg,True,1
2085026,2085026_1.jpeg,True,1
2085038,2085038_1.png,True,1
2086018,2086018_1.jpeg,True,1
2086025,2086025_1.jpeg,True,1
2086027,2086027_1.jpeg,True,1
20860337,20860337_1.png,True,1
2086737,2086737_1.png,True,1
2087028,2087028_1.jpeg,True,1
2087035,2087035_1.png,True,1
2087735,2087735_1.jpeg,True,1
2088030,2088030_1.jpeg,True,1
2089030,2089030_1.jpeg,True,1
2090040,2090040_1.png,True,1
2090040-D,2090040-D_1.png,True,1
2091745,2091745_1.png,True,1
2092025,2092025_1.jpeg,True,1
2093023,2093023_1.jpeg,True,1
2094020,2094020_1.jpeg,True,1
2095,2095_1.png,True,1
2095045,2095045_1.jpeg,True,1
2096018,2096018_1.jpeg,True,1
2096023,2096023_1.png,True,1
2097022,2097022_1.jpeg,True,1
2098020,2098020_1.jpeg,True,1
2099011,2099011_1.jpeg,True,1
2100811,2100811_1.jpeg,True,1
2101050,2101050_1.jpeg,True,1
2102023,2102023_1.jpeg,True,1
2103018,2103018_1.jpeg,True,1
2103022,2103022_1.jpeg,True,1
2104,2104_1.jpeg,True,1
2105024,2105024_1.jpeg,True,1
21060,21060_1.jpeg,True,1
2106050,2106050_1.jpeg,True,1
2107030,2107030_1.jpeg,True,1
2107035,2107035_1.jpeg,True,1
2108-PUL,2108-PUL.jpeg,True,1
2108-TOKA,2108-TOKA.jpeg,True,1
2110053,2110053_1.jpeg,True,1
2110753,2110753_1.jpeg,True,1
2111035,2111035_1.jpeg,True,1
2111735,2111735_1.jpeg,True,1
2111735,2111735_2.jpeg,False,2
2112050,2112050_1.jpeg,True,1
2112750,2112750_1.jpeg,True,1
2112750,2112750_2.jpeg,False,2
2113015,2113015_1.jpeg,True,1
2114736,2114736_1.jpeg,True,1
2115737,2115737_1.jpeg,True,1
2116050,2116050_1.jpeg,True,1
2117058,2117058_1.jpeg,True,1
2117058,2117058_2.jpeg,False,2
2117158-K,2117158-K_1.jpeg,True,1
2117758,2117758_1.jpeg,True,1
2118,2118_1.jpeg,True,1
2119,2119_1.jpeg,True,1
2120,2120_1.jpeg,True,1
2121,2121_1.jpeg,True,1
2122045,2122045_1.jpeg,True,1
2122745,2122745_1.jpeg,True,1
2123,2123_1.jpeg,True,1
2124020,2124020_1.jpeg,True,1
2126746,2126746_1.jpeg,True,1
2126746,2126746_2.jpeg,False,2
2127020,2127020_1.jpeg,True,1
2127020,2127020_2.jpeg,False,2
2128042,2128042_1.jpeg,True,1
2128742,2128742_1.jpeg,True,1
2129080,2129080_1.jpeg,True,1
2130,2130_1.jpeg,True,1
2131,2131_1.jpeg,True,1
2132040,2132040_1.jpeg,True,1
2133032,2133032_1.jpeg,True,1
2134040,2134040_1.jpeg,True,1
2134040,2134040_2.png,False,2
2135737,2135737_1.jpeg,True,1
2135737,2135737_2.jpeg,False,2
2136,2136_1.jpeg,True,1
2137020,2137020_1.png,True,1
2137023,2137023_1.jpeg,True,1
2138032,2138032_1.jpg,True,1
2139022,2139022_1.jpeg,True,1
2140019,2140019_1.png,True,1
2141050,2141050_1.jpeg,True,1
2142040,2142040_1.jpeg,True,1
2143,2143_1.jpeg,True,1
2144018,2144018_1.jpeg,True,1
2145025,2145025_1.jpeg,True,1
2146015,2146015_1.png,True,1
2146018,2146018_1.jpeg,True,1
2146020,2146020_1.png,True,1
2147761,2147761_1.jpeg,True,1
2148030,2148030_1.jpeg,True,1
2149015.5,2149015.5_1.jpeg,True,1
2150018,2150018_1.jpeg,True,1
2151819,2151819_1.jpeg,True,1
2152,2152_1.jpeg,True,1
2152-PL,2152-PL_1.png,True,1
2154025,2154025_1.jpeg,True,1
2155078,2155078_1.jpeg,True,1
2156050,2156050_1.jpeg,True,1
2157072,2157072_1.jpeg,True,1
2158,2158_1.jpeg,True,1
2159021,2159021_1.jpeg,True,1
2160018,2160018_1.jpeg,True,1
2160030,2160030_1.jpeg,True,1
21610228,21610228_1.jpeg,True,1
2162063,2162063_1.jpeg,True,1
2163030-K,2163030-K_1.jpeg,True,1
2163037-K,2163037-K_1.png,True,1
2164022,2164022_1.jpeg,True,1
2165023,2165023_1.jpeg,True,1
2166027,2166027_1.jpeg,True,1
2167,2167_1.jpeg,True,1
2167,2167_2.jpeg,False,2
2167-2,2167-2_1.jpeg,True,1
2167-PL,2167-PL_1.jpeg,True,1
2168015,2168015_1.jpeg,True,1
2169019,2169019_1.jpeg,True,1
2170028,2170028_1.jpeg,True,1
2171011,2171011_1.jpg,True,1
2172018,2172018_1.jpeg,True,1
2173038,2173038_1.jpeg,True,1
2174023,2174023_1.jpeg,True,1
2175,2175_1.jpeg,True,1
2178034,2178034_1.jpeg,True,1
2180030,2180030_1.jpeg,True,1
2181028,2181028_1.jpeg,True,1
2182020,2182020_1.jpeg,True,1
2184034,2184034_1.jpeg,True,1
2185029,2185029_1.jpeg,True,1
2186032,2186032_1.jpeg,True,1
2211750,2211750_1.jpeg,True,1
2213019,2213019_1.jpeg,True,1
2214035,2214035_1.jpeg,True,1
2214035,2214035_2.jpeg,False,2
2215040,2215040_1.jpeg,True,1
2216020,2216020_1.jpeg,True,1
2218020,2218020_1.jpeg,True,1
222059,222059_1.jpeg,True,1
2221040,2221040_1.jpeg,True,1
2223010,2223010_1.jpeg,True,1
2224075,2224075_1.jpeg,True,1
2225806,2225806_1.jpeg,True,1
2227735,2227735_1.jpeg,True,1
2228,2228_1.jpeg,True,1
2231021,2231021_1.jpeg,True,1
2232,2232_1.jpeg,True,1
2233,2233_1.jpeg,True,1
223415,223415_1.jpeg,True,1
2235022,2235022_1.jpeg,True,1
2236034,2236034_1.jpeg,True,1
2241010,2241010_1.jpeg,True,1
2242010,2242010_1.jpeg,True,1
2243009,2243009_1.jpeg,True,1
2276,2276_1.jpeg,True,1
654_032,654_032_1.png,True,1
655_217,655_217_1.png,True,1
663_020,663_020_1.png,True,1
664_213,664_213_1.png,True,1
665_210,665_210_1.png,True,1
666_010,666_010_1.png,True,1
667_015,667_015_1.png,True,1
668_208,668_208_1.png,True,1
669_712,669_712_1.png,True,1
670_106,670_106_1.png,True,1
671_111,671_111_1.png,True,1
672_713,672_713_1.png,True,1
673_212,673_212_1.png,True,1
674_013,674_013_1.png,True,1
675_210,675_210_1.png,True,1
676_213,676_213_1.png,True,1
678_020,678_020_1.png,True,1
679_208,679_208_1.png,True,1
680_212,680_212_1.png,True,1
681_212,681_212_1.png,True,1
682_012,682_012_1.png,True,1
683_045,683_045_1.png,True,1
684045,684045_1.png,True,1
685014,685014_1.png,True,1
687042,687042_1.png,True,1
688056,688056_1.png,True,1
689212,689212_1.png,True,1
690212,690212_1.png,True,1
692213,692213_1.png,True,1
693212,693212_1.jpg,True,1
695_212,695_212_1.png,True,1
697210,697210_1.png,True,1
699211,699211_1.png,True,1
700212,700212_1.png,True,1
701211,701211_1.png,True,1
702_212,702_212_1.png,True,1
703212,703212_1.png,True,1
704027,704027_1.png,True,1
705212,705212_1.png,True,1
706711,706711_1.png,True,1
707212,707212_1.png,True,1
708205,708205_1.png,True,1
709212,709212_1.png,True,1
710215,710215_1.png,True,1
711210,711210_1.png,True,1
712210,712210_1.png,True,1
713023,713023_1.png,True,1
714210,714210_1.png,True,1
715010,715010_1.png,True,1
716213,716213_1.png,True,1
717209,717209_1.png,True,1
718207,718207_1.png,True,1
719045,719045_1.png,True,1
720011,720011_1.png,True,1
721617,721617_1.png,True,1
722046,722046_1.png,True,1
723210,723210_1.png,True,1
725209,725209_1.png,True,1
726210,726210_1.png,True,1
727210,727210_1.png,True,1
728062,728062_1.png,True,1
729059,729059_1.png,True,1
730210,730210_1.png,True,1
731209,731209_1.png,True,1
733210,733210_1.png,True,1
734210,734210_1.png,True,1
736210,736210_1.png,True,1
737210,737210_1.png,True,1
738210,738210_1.png,True,1
739210,739210_1.png,True,1
740210,740210_1.png,True,1
744209,744209_1.png,True,1
745209,745209_1.png,True,1
746209,746209_1.png,True,1
747027,747027_1.png,True,1
748208,748208_1.png,True,1
749208,749208.png,True,1
749620,749620.png,True,1
750206,750206_1.png,True,1
751027,751027_1.png,True,1
753_032,753_032_1.png,True,1
754210,754210_1.png,True,1
755208,755208_1.png,True,1
756208,756208_1.png,True,1
757208,757208.png,True,1
757620,757620.png,True,1
758208,758208_1.png,True,1
759208,759208_1.png,True,1
760210,760210_1.png,True,1
761020,761020_1.png,True,1
762012,762012_1.png,True,1
763017212,763017212_1.png,True,1
764034,764034_1.png,True,1
765005,765005_1.png,True,1
766028,766028_1.png,True,1
766_020,766_020_1.png,True,1
767020,767020_1.png,True,1
768020,768020_1.png,True,1
768028,768028_1.png,True,1
769025,769025_1.png,True,1
770025,770025_1.png,True,1
771015,771015_1.png,True,1
772010,772010_1.png,True,1
773020,773020_1.png,True,1
774020,774020_1.png,True,1
775_018,775_018_1.png,True,1
776016,776016_1.png,True,1
777030,777030_1.png,True,1
778011,778011_1.png,True,1
779043,779043_1.png,True,1
780023,780023_1.png,True,1
783212,783212_1.png,True,1
784209,784209_1.png,True,1
785209,785209_1.png,True,1
786724,786724_1.png,True,1
787213,787213_1.png,True,1
788214,788214_1.png,True,1
789213,789213_1.png,True,1
790057,790057_1.png,True,1
791024,791024_1.png,True,1
792009,792009_1.png,True,1
793209,793209_1.png,True,1
794012,794012_1.png,True,1
796210,796210_1.png,True,1
797209,797209_1.png,True,1
798620210,798620210_1.png,True,1
799013,799013_1.png,True,1
800030,800030_1.png,True,1
801031,801031_1.png,True,1
802030,802030_1.png,True,1
804209,804209_1.png,True,1
805209,805209_1.jpg,True,1
806209,806209_1.png,True,1
807208,807208_1.png,True,1
808208,808208_1.png,True,1
809208A,809208A_1.png,True,1
809208B,809208B_1.png,True,1
809209A,809209A_1.png,True,1
809209B,809209B_1.png,True,1
809209C,809209C_1.png,True,1
809210A,809210A_1.png,True,1
809210C,809210C_1.png,True,1
809210D,809210D_1.png,True,1
809210E,809210E_1.png,True,1
809210F,809210F_1.png,True,1
809210G,809210G_1.png,True,1
809210H,809210H_1.png,True,1
809210I,809210I_1.png,True,1
809212A,809212A_1.png,True,1
809212B,809212B_1.png,True,1
809_210_B,809_210_B_1.png,True,1
810208,810208.png,True,1
810620,810620.png,True,1
811208,811208.png,True,1
811620,811620.png,True,1
813209,813209_1.png,True,1
814208,814208_1.png,True,1
815209,815209.png,True,1
815620,815620.png,True,1
816209,816209.png,True,1
816620,816620.png,True,1
817209,817209_1.png,True,1
818208,818208_1.png,True,1
820208,820208.png,True,1
820620,820620.png,True,1
821209620,821209620_1.png,True,1
822209,822209_1.png,True,1
823620A,823620A_1.png,True,1
823620B,823620B_1.png,True,1
823620C,823620C_1.png,True,1
823620D,823620D_1.png,True,1
823620E,823620E_1.jpg,True,1
823620F,823620F_1.png,True,1
823620G,823620G_1.png,True,1
823620H,823620H_1.jpg,True,1
823620I,823620I_1.png,True,1
823620J,823620J_1.png,True,1
824208,824208_1.png,True,1
824208,824208_2.jpg,False,2
824209A,824209A_1.png,True,1
824209B,824209B_1.jpg,True,1
824209C,824209C_1.png,True,1
824209D,824209D_1.png,True,1
824209F,824209F_1.png,True,1
824209G,824209G_1.jpg,True,1
824209H,824209H_1.jpg,True,1
824210A,824210A_1.png,True,1
824210B,824210B_1.png,True,1
824210C,824210C_1.png,True,1
824210D,824210D_1.png,True,1
824210E,824210E_1.png,True,1
824210F,824210F_1.jpg,True,1
824212,824212_1.png,True,1
825209,825209_1.png,True,1
827209,827209_1.png,True,1
828210,828210_1.png,True,1
829209,829209_1.png,True,1
830209,830209_1.png,True,1
831210,831210_1.png,True,1
832620,832620_1.png,True,1
834209,834209_1.png,True,1
835210,835210_1.png,True,1
836210,836210_1.png,True,1
837210,837210_1.png,True,1
838210,838210_1.png,True,1
839210,839210_1.png,True,1
840210,840210_1.png,True,1
841208,841208_1.png,True,1
842210,842210_1.png,True,1
843012,843012_1.png,True,1
844020,844020_1.png,True,1
845015,845015_1.png,True,1
846_015,846_015_1.png,True,1
847620,847620_1.png,True,1
849060,849060_1.png,True,1
850030,850030_1.png,True,1
851011,851011_1.png,True,1
852209,852209_1.jpg,True,1
853209,853209_1.jpg,True,1
854209,854209_1.jpg,True,1
855210,855210_1.png,True,1
856209,856209_1.jpg,True,1
857715,857715_1.png,True,1
861015,861015_1.png,True,1
862011,862011_1.png,True,1
863011,863011_1.png,True,1
870723,870723_1.png,True,1
871724,871724_1.png,True,1
872208,872208_1.jpg,True,1
874011,874011_1.jpg,True,1
876910.5,876910.5_1.jpg,True,1
878011.5,878011.5_1.jpg,True,1
881_620,881_620_1.jpg,True,1
882_037,882_037_1.jpg,True,1
883217,883217_1.jpg,True,1
884030,884030_1.jpg,True,1
885208,885208_1.jpg,True,1
886056,886056_1.jpg,True,1
887020,887020_1.jpg,True,1
888019,888019_1.jpg,True,1
893025,893025_1.png,True,1
894022,894022_1.jpg,True,1
895022,895022_1.png,True,1
896207.5,896207.5_1.jpg,True,1
897206,897206_1.jpg,True,1
898113.5,898113.5_1.jpg,True,1
899020,899020_1.jpg,True,1
900716,900716_1.jpg,True,1
901008,901008_1.jpg,True,1
904_A,904_A_1.jpg,True,1
904_B,904_B_1.jpg,True,1
905010,905010_1.jpg,True,1
906044,906044_1.jpg,True,1
907133,907133_1.jpg,True,1
9080100,9080100_1.jpg,True,1
909025,909025_1.jpg,True,1
911060,911060_1.jpg,True,1
912922,912922_1.jpg,True,1
913913,913913_1.jpg,True,1
914013,914013_1.jpg,True,1
917208008,917208008_1.jpg,True,1
920027,920027_1.jpg,True,1
921910,921910_1.jpg,True,1
922040,922040_1.jpg,True,1
923209,923209_1.jpg,True,1
924912,924912_1.jpg,True,1
925015,925015_1.jpg,True,1
926010,926010_1.jpg,True,1
927014,927014_1.jpg,True,1
928008,928008_1.jpg,True,1
929012,929012_1.jpg,True,1
931809,931809_1.jpg,True,1
933910,933910_1.jpg,True,1
935918,935918_1.jpg,True,1
936013.2,936013.2_1.jpg,True,1
937911,937911_1.jpg,True,1
938050,938050_1.jpg,True,1
940917,940917_1.png,True,1
941209,941209_1.jpg,True,1
942208,942208_1.jpg,True,1
948011,948011_1.jpg,True,1
949011,949011_1.jpg,True,1
950010,950010_1.jpg,True,1
952036,952036_1.jpg,True,1
953210,953210_1.png,True,1
954007,954007_1.jpg,True,1
955016,955016_1.jpg,True,1
956012,956012_1.jpg,True,1
959207,959207_1.jpg,True,1
962910,962910_1.jpg,True,1
964911,964911_1.jpg,True,1
966023.5,966023.5_1.jpg,True,1
967312,967312_1.jpg,True,1
967312,967312_2.png,False,2
969092,969092_1.jpg,True,1
970012,970012_1.jpg,True,1
972,972_1.jpg,True,1
973208,973208_1.jpg,True,1
975009,975009_1.jpg,True,1
976025,976025_1.jpg,True,1
980005,980005_1.jpg,True,1
980006,980006_1.jpg,True,1
981013,981013_1.jpg,True,1
981015,981015_1.jpg,True,1
981020,981020_1.jpg,True,1
982013,982013_1.jpg,True,1
982015,982015_1.jpg,True,1
982020,982020_1.jpg,True,1
983025,983025_1.jpg,True,1
986_053,986_053_1.png,True,1
987010,987010_1.jpg,True,1
987012,987012_1.jpg,True,1
988111,988111_1.png,True,1
989810,989810_1.jpg,True,1
990035,990035_1.jpg,True,1
991008,991008_1.jpg,True,1
992008,992008_1.png,True,1
993008,993008_1.jpg,True,1
994008,994008_1.jpg,True,1
997030,997030_1.jpg,True,1
999010,999010_1.png,True,1
ABS007,ABS007_1.jpg,True,1
APR285-5,APR285-5_1.jpg,True,1
APR286035,APR286035_1.jpg,True,1
APR288417,APR288417_1.jpg,True,1
APR291006,APR291006_1.png,True,1
APR291007,APR291007_1.png,True,1
YOK,YOK_1.jpg,True,1
ZMK-1981,ZMK-1981_1.jpeg,True,1
ZMK1980,ZMK1980_1.jpeg,True,1
ZMK1985110,ZMK1985110_1.jpeg,True,1
ZMK1987,ZMK1987_1.jpeg,True,1
ZMK1988,ZMK1988_1.jpg,True,1
ZMK1991,ZMK1991_1.jpeg,True,1
ZMK1992,ZMK1992_1.jpeg,True,1
Zmk1983,Zmk1983_1.jpeg,True,1
zmk1963,zmk1963_1.png,True,1
zmk1968,zmk1968_1.png,True,1
zmk1984,zmk1984_1.jpg,True,1
