arama_metni,kaynak,sebep
195/,karisik_cozulemeyen,TEK_KOD_KARISIK_LISTEDE
219/ ,karisik_cozulemeyen,TEK_KOD_KARISIK_LISTEDE
237/,karisik_cozulemeyen,TEK_KOD_KARISIK_LISTEDE
248/,karisik_cozulemeyen,TEK_KOD_KARISIK_LISTEDE
293/ ,karisik_cozulemeyen,TEK_KOD_KARISIK_LISTEDE
879_915 :912,karisik_cozulemeyen,TEK_KOD_KARISIK_LISTEDE
"880_29,5",karisik_cozulemeyen,TEK_KOD_KARISIK_LISTEDE
"916_207,5*12",karisik_cozulemeyen,TEK_KOD_KARISIK_LISTEDE
"957207*7,8",karisik_cozulemeyen,TEK_KOD_KARISIK_LISTEDE
"957207*7,8",karisik_cozulemeyen,TEK_KOD_KARISIK_LISTEDE
"958209*5,8",karisik_cozulemeyen,TEK_KOD_KARISIK_LISTEDE
"984_017X13,5",karisik_cozulemeyen,TEK_KOD_KARISIK_LISTEDE
"996008,5
",karisik_cozulemeyen,TEK_KOD_KARISIK_LISTEDE
"1250105,5 
",karisik_cozulemeyen,TEK_KOD_KARISIK_LISTEDE
"106/214;
114;430 | 430",karisik_cozulemeyen,AILE_MM_LISTESINDE_YOK
"109/110;209;
210;214;714;
614;616;618;
418;420;622;
624;014;016;
210.5;212.5;620T | 622",karisik_cozulemeyen,AILE_MM_LISTESINDE_YOK
"109/110;209;
210;214;714;
614;616;618;
418;420;622;
624;014;016;
210.5;212.5;620T | 624",karisik_cozulemeyen,AILE_MM_LISTESINDE_YOK
"109/110;209;
210;214;714;
614;616;618;
418;420;622;
624;014;016;
210.5;212.5;620T | 210.5",karisik_cozulemeyen,AILE_MM_LISTESINDE_YOK
"109/110;209;
210;214;714;
614;616;618;
418;420;622;
624;014;016;
210.5;212.5;620T | 212.5",karisik_cozulemeyen,AILE_MM_LISTESINDE_YOK
"111/221.5;
212.5;112.5;
712.5 | 221.5",karisik_cozulemeyen,AILE_MM_LISTESINDE_YOK
"111/221.5;
212.5;112.5;
712.5 | 212.5",karisik_cozulemeyen,AILE_MM_LISTESINDE_YOK
"111/221.5;
212.5;112.5;
712.5 | 112.5",karisik_cozulemeyen,AILE_MM_LISTESINDE_YOK
"111/221.5;
212.5;112.5;
712.5 | 712.5",karisik_cozulemeyen,AILE_MM_LISTESINDE_YOK
"115/717;617;
217;024;023;
027.5 | 027.5",karisik_cozulemeyen,AILE_MM_LISTESINDE_YOK
"129/211;714;
717;207,5 | 207,5",karisik_cozulemeyen,AILE_MM_LISTESINDE_YOK
"135/618;214,5;
214,5-E;618-E; | 214,5",karisik_cozulemeyen,AILE_MM_LISTESINDE_YOK
"135/618;214,5;
214,5-E;618-E; | 214,5-E",karisik_cozulemeyen,AILE_MM_LISTESINDE_YOK
"150/206;208;110;115;
008;D;008;010;014;
715;617 | D",karisik_cozulemeyen,TOKEN_COZULEMEDI
"155/012;014;016;020
KUŞGÖZÜ 5 OLMALI | KUŞGÖZÜ 5 OLMALI",karisik_cozulemeyen,TOKEN_COZULEMEDI
"160/000
 | 000",karisik_cozulemeyen,AILE_MM_LISTESINDE_YOK
"166/212;617;020;022;
25;28 | 25",karisik_cozulemeyen,AILE_MM_LISTESINDE_YOK
"166/212;617;020;022;
25;28 | 28",karisik_cozulemeyen,AILE_MM_LISTESINDE_YOK
"1149010620;017;020;714
;012;212-t;012
 | 714",karisik_cozulemeyen,AILE_MM_LISTESINDE_YOK
"169/215;712;715;
720;625 ; 630 ; 012 ;
011,3 ;008 | 011,3",karisik_cozulemeyen,AILE_MM_LISTESINDE_YOK
180/310;312;617;620 | 310,karisik_cozulemeyen,AILE_MM_LISTESINDE_YOK
180/310;312;617;620 | 312,karisik_cozulemeyen,AILE_MM_LISTESINDE_YOK
"200/020;025;030;035;
045;024-T;028-T
048-T;040-b;025-
b;050-y;025-y;040-d | b",karisik_cozulemeyen,TOKEN_COZULEMEDI
"218/020-K; 218-30X20 /
218-30X20/41;020;025;
030;040;050;060 | 218-30X20",karisik_cozulemeyen,AILE_MM_LISTESINDE_YOK
"218/020-K; 218-30X20 /
218-30X20/41;020;025;
030;040;050;060 | 218-30X20",karisik_cozulemeyen,AILE_MM_LISTESINDE_YOK
"218/020-K; 218-30X20 /
218-30X20/41;020;025;
030;040;050;060 | 41",karisik_cozulemeyen,AILE_MM_LISTESINDE_YOK
"231/210;214;617;620;
624;620-İ;
624-İ ;025-İ | 025-İ",karisik_cozulemeyen,AILE_MM_LISTESINDE_YOK
"268/214;217;
220;228
617;620;624;628;
522;530;538;548;212 | 522",karisik_cozulemeyen,AILE_MM_LISTESINDE_YOK
"268/214;217;
220;228
617;620;624;628;
522;530;538;548;212 | 530",karisik_cozulemeyen,AILE_MM_LISTESINDE_YOK
"268/214;217;
220;228
617;620;624;628;
522;530;538;548;212 | 538",karisik_cozulemeyen,AILE_MM_LISTESINDE_YOK
"268/214;217;
220;228
617;620;624;628;
522;530;538;548;212 | 548",karisik_cozulemeyen,AILE_MM_LISTESINDE_YOK
"279/209;214
;212,620;210 | 212,620",karisik_cozulemeyen,AILE_MM_LISTESINDE_YOK
291/;540 | 540,karisik_cozulemeyen,AILE_MM_LISTESINDE_YOK
"299/ 938,925 | 938,925",karisik_cozulemeyen,AILE_MM_LISTESINDE_YOK
"310/017;022,015 | 022,015",karisik_cozulemeyen,AILE_MM_LISTESINDE_YOK
"311/517;520
;525;530; 
 | 517",karisik_cozulemeyen,AILE_MM_LISTESINDE_YOK
"311/517;520
;525;530; 
 | 520",karisik_cozulemeyen,AILE_MM_LISTESINDE_YOK
"311/517;520
;525;530; 
 | 525",karisik_cozulemeyen,AILE_MM_LISTESINDE_YOK
"311/517;520
;525;530; 
 | 530",karisik_cozulemeyen,AILE_MM_LISTESINDE_YOK
320/ 224 X 12 | 224 X 12,karisik_cozulemeyen,AILE_MM_LISTESINDE_YOK
321/ 218 X 15 | 218 X 15,karisik_cozulemeyen,AILE_MM_LISTESINDE_YOK
326/218 x 17 | 218 x 17,karisik_cozulemeyen,AILE_MM_LISTESINDE_YOK
"329 / 224 x 10(10 içcap)
;224 x12 | 224 x 10(10 içcap)",karisik_cozulemeyen,AILE_MM_LISTESINDE_YOK
"329 / 224 x 10(10 içcap)
;224 x12 | 224 x12",karisik_cozulemeyen,AILE_MM_LISTESINDE_YOK
330/215 x29  | 215 x29,karisik_cozulemeyen,AILE_MM_LISTESINDE_YOK
"333/224x12-d 
(delikli) | 224x12-d",karisik_cozulemeyen,AILE_MM_LISTESINDE_YOK
"333/224x12-d 
(delikli) | (delikli)",karisik_cozulemeyen,TOKEN_COZULEMEDI
"334/826 
 ( zmk0058) | ( zmk0058)",karisik_cozulemeyen,TOKEN_COZULEMEDI
"336/928
İNGİLTERE | İNGİLTERE",karisik_cozulemeyen,TOKEN_COZULEMEDI
361/041 | 041,karisik_cozulemeyen,AILE_MM_LISTESINDE_YOK
365/208-ss28  ; 210-ss34 | 208-ss28,karisik_cozulemeyen,AILE_MM_LISTESINDE_YOK
365/208-ss28  ; 210-ss34 | 210-ss34,karisik_cozulemeyen,AILE_MM_LISTESINDE_YOK
"382/834 -M;850-P,834
TEKLİ | TEKLİ",karisik_cozulemeyen,TOKEN_COZULEMEDI
"387/220;228;
216_220_PARÇASI | 216_220_PARÇASI",karisik_cozulemeyen,AILE_MM_LISTESINDE_YOK
"390/020;025;030,027.5 
( STANDART ALT ) | 030,027.5",karisik_cozulemeyen,AILE_MM_LISTESINDE_YOK
"390/020;025;030,027.5 
( STANDART ALT ) | ( STANDART ALT )",karisik_cozulemeyen,TOKEN_COZULEMEDI
"475/010;012;018,020 | 018,020",karisik_cozulemeyen,AILE_MM_LISTESINDE_YOK
533/124;124;D | 124,karisik_cozulemeyen,AILE_MM_LISTESINDE_YOK
533/124;124;D | 124,karisik_cozulemeyen,AILE_MM_LISTESINDE_YOK
533/124;124;D | D,karisik_cozulemeyen,TOKEN_COZULEMEDI
"542/015,012 | 015,012",karisik_cozulemeyen,AILE_MM_LISTESINDE_YOK
636/105;209 | 105,karisik_cozulemeyen,AILE_MM_LISTESINDE_YOK
656_207/656_620 | 656_620,karisik_cozulemeyen,AILE_MM_LISTESINDE_YOK
657_208/657_620 | 657_620,karisik_cozulemeyen,AILE_MM_LISTESINDE_YOK
658_208/658_620 | 658_620,karisik_cozulemeyen,AILE_MM_LISTESINDE_YOK
659_210/659_620 | 659_620,karisik_cozulemeyen,AILE_MM_LISTESINDE_YOK
660_211/660_620 | 660_620,karisik_cozulemeyen,AILE_MM_LISTESINDE_YOK
661_210/661_620 | 661_620,karisik_cozulemeyen,AILE_MM_LISTESINDE_YOK
662_210/662_620 | 662_620,karisik_cozulemeyen,AILE_MM_LISTESINDE_YOK
763_017/212 | 212,karisik_cozulemeyen,AILE_MM_LISTESINDE_YOK
798_620/210 | 210,karisik_cozulemeyen,AILE_MM_LISTESINDE_YOK
819208/212620 | 212620,karisik_cozulemeyen,AILE_MM_LISTESINDE_YOK
819208/212/620 | 212,karisik_cozulemeyen,AILE_MM_LISTESINDE_YOK
865_018/015/12 | 12,karisik_cozulemeyen,AILE_MM_LISTESINDE_YOK
"873_027,5/22,5/17,5 | 22,5",karisik_cozulemeyen,AILE_MM_LISTESINDE_YOK
"873_027,5/22,5/17,5 | 17,5",karisik_cozulemeyen,AILE_MM_LISTESINDE_YOK
"877_011,5/015,5 | 015,5",karisik_cozulemeyen,AILE_MM_LISTESINDE_YOK
"918_207,5/
007,5 | 007,5",karisik_cozulemeyen,AILE_MM_LISTESINDE_YOK
"919_014/023,5 | 023,5",karisik_cozulemeyen,AILE_MM_LISTESINDE_YOK
"930_008/10/12/
14/18/20 | 10",karisik_cozulemeyen,AILE_MM_LISTESINDE_YOK
"930_008/10/12/
14/18/20 | 12",karisik_cozulemeyen,AILE_MM_LISTESINDE_YOK
"930_008/10/12/
14/18/20 | 14",karisik_cozulemeyen,AILE_MM_LISTESINDE_YOK
"930_008/10/12/
14/18/20 | 20",karisik_cozulemeyen,AILE_MM_LISTESINDE_YOK
"934_015/20/25/30
aynı ebatlarda 
taşlı | 20",karisik_cozulemeyen,AILE_MM_LISTESINDE_YOK
"934_015/20/25/30
aynı ebatlarda 
taşlı | 25",karisik_cozulemeyen,AILE_MM_LISTESINDE_YOK
"934_015/20/25/30
aynı ebatlarda 
taşlı | 30",karisik_cozulemeyen,AILE_MM_LISTESINDE_YOK
"934_015/20/25/30
aynı ebatlarda 
taşlı | aynı ebatlarda",karisik_cozulemeyen,TOKEN_COZULEMEDI
"934_015/20/25/30
aynı ebatlarda 
taşlı | taşlı",karisik_cozulemeyen,TOKEN_COZULEMEDI
"939_060
taşlı ve kulplu | taşlı ve kulplu",karisik_cozulemeyen,TOKEN_COZULEMEDI
"946_No:24
kuşgözü | kuşgözü",karisik_cozulemeyen,TOKEN_COZULEMEDI
"951207,5/07,5 | 07,5",karisik_cozulemeyen,AILE_MM_LISTESINDE_YOK
960018/024/15 | 15,karisik_cozulemeyen,AILE_MM_LISTESINDE_YOK
"968206,5/
207,5/208,5
209,5/210,5
 | 207,5",karisik_cozulemeyen,AILE_MM_LISTESINDE_YOK
"968206,5/
207,5/208,5
209,5/210,5
 | 208,5",karisik_cozulemeyen,AILE_MM_LISTESINDE_YOK
"968206,5/
207,5/208,5
209,5/210,5
 | 209,5",karisik_cozulemeyen,AILE_MM_LISTESINDE_YOK
"968206,5/
207,5/208,5
209,5/210,5
 | 210,5",karisik_cozulemeyen,AILE_MM_LISTESINDE_YOK
"998024
KULPLU ÜÇGEN DİKME
MERTER ŞUBE | KULPLU ÜÇGEN DİKME",karisik_cozulemeyen,TOKEN_COZULEMEDI
"998024
KULPLU ÜÇGEN DİKME
MERTER ŞUBE | MERTER ŞUBE",karisik_cozulemeyen,TOKEN_COZULEMEDI
"1003_025
HALTER METAL
AKSESUAR | HALTER METAL",karisik_cozulemeyen,TOKEN_COZULEMEDI
"1003_025
HALTER METAL
AKSESUAR | AKSESUAR",karisik_cozulemeyen,TOKEN_COZULEMEDI
"1004_019
PAPATYA BRİT
AKSESUAR
MERTER ŞUBE | PAPATYA BRİT",karisik_cozulemeyen,TOKEN_COZULEMEDI
"1004_019
PAPATYA BRİT
AKSESUAR
MERTER ŞUBE | AKSESUAR",karisik_cozulemeyen,TOKEN_COZULEMEDI
"1004_019
PAPATYA BRİT
AKSESUAR
MERTER ŞUBE | MERTER ŞUBE",karisik_cozulemeyen,TOKEN_COZULEMEDI
1103_050 / _040 | _040,karisik_cozulemeyen,TOKEN_COZULEMEDI
"1109_040
1109-B | 1109-B",karisik_cozulemeyen,AILE_MM_LISTESINDE_YOK
"1109_035
1109-A | 1109-A",karisik_cozulemeyen,AILE_MM_LISTESINDE_YOK
"1260008
(mineli düğme) | (mineli düğme)",karisik_cozulemeyen,TOKEN_COZULEMEDI
"127704
(set) | (set)",karisik_cozulemeyen,TOKEN_COZULEMEDI
"1383
TOKA + PUL | TOKA + PUL",karisik_cozulemeyen,TOKEN_COZULEMEDI
"1479013
(Kesik) | (Kesik)",karisik_cozulemeyen,TOKEN_COZULEMEDI
"1485025
(1477025 ile aynı ürün) | (1477025 ile aynı ürün)",karisik_cozulemeyen,TOKEN_COZULEMEDI
1516 / y / ç / ç2 | y,karisik_cozulemeyen,TOKEN_COZULEMEDI
1516 / y / ç / ç2 | ç,karisik_cozulemeyen,TOKEN_COZULEMEDI
1516 / y / ç / ç2 | ç2,karisik_cozulemeyen,TOKEN_COZULEMEDI
1585023/19/17/15 | 19,karisik_cozulemeyen,AILE_MM_LISTESINDE_YOK
1585023/19/17/15 | 17,karisik_cozulemeyen,AILE_MM_LISTESINDE_YOK
1585023/19/17/15 | 15,karisik_cozulemeyen,AILE_MM_LISTESINDE_YOK
1590020/22/15 | 22,karisik_cozulemeyen,AILE_MM_LISTESINDE_YOK
1590020/22/15 | 15,karisik_cozulemeyen,AILE_MM_LISTESINDE_YOK
16030/35 | 35,karisik_cozulemeyen,AILE_MM_LISTESINDE_YOK
"1628020/016,2 | 016,2",karisik_cozulemeyen,AILE_MM_LISTESINDE_YOK
1635015/25 | 25,karisik_cozulemeyen,AILE_MM_LISTESINDE_YOK
"1651
Göz+Dil+Halka | Göz+Dil+Halka",karisik_cozulemeyen,TOKEN_COZULEMEDI
"1652050
Maçalı / Maçasız | Maçalı",karisik_cozulemeyen,TOKEN_COZULEMEDI
"1652050
Maçalı / Maçasız | Maçasız",karisik_cozulemeyen,TOKEN_COZULEMEDI
1679015/12 | 12,karisik_cozulemeyen,AILE_MM_LISTESINDE_YOK
1747022/25 | 25,karisik_cozulemeyen,AILE_MM_LISTESINDE_YOK
"1700023
 (ESKİ KALIP YENİ BOY) | (ESKİ KALIP YENİ BOY)",karisik_cozulemeyen,TOKEN_COZULEMEDI
1814015/22 | 22,karisik_cozulemeyen,AILE_MM_LISTESINDE_YOK
1960/20 | 20,karisik_cozulemeyen,AILE_MM_LISTESINDE_YOK
"108/109;112;
617;620;
015;017;023 | 017",karisik_cozulemeyen,BELIRSIZ_2_ADAY
"109/110;209;
210;214;714;
614;616;618;
418;420;622;
624;014;016;
210.5;212.5;620T | 014",karisik_cozulemeyen,BELIRSIZ_4_ADAY
"109/110;209;
210;214;714;
614;616;618;
418;420;622;
624;014;016;
210.5;212.5;620T | 016",karisik_cozulemeyen,BELIRSIZ_2_ADAY
"112/006 ( 106 ) 
 | 006 ( 106 )",karisik_cozulemeyen,BELIRSIZ_2_ADAY
"118/714;
114;617;
620;624;
012;017;020 | 017",karisik_cozulemeyen,BELIRSIZ_2_ADAY
"118/714;
114;617;
620;624;
012;017;020 | 020",karisik_cozulemeyen,BELIRSIZ_2_ADAY
"120/218;214-T;
218-T;218-BT | 218",karisik_cozulemeyen,BELIRSIZ_3_ADAY
"120/218;214-T;
218-T;218-BT | 218-T",karisik_cozulemeyen,BELIRSIZ_3_ADAY
"120/218;214-T;
218-T;218-BT | 218-BT",karisik_cozulemeyen,BELIRSIZ_3_ADAY
"123/020;717;
212;217;617;
620;624 | 020",karisik_cozulemeyen,BELIRSIZ_2_ADAY
"135/618;214,5;
214,5-E;618-E; | 618",karisik_cozulemeyen,BELIRSIZ_2_ADAY
"135/618;214,5;
214,5-E;618-E; | 618-E",karisik_cozulemeyen,BELIRSIZ_2_ADAY
"137/214;618;
620;624;014; | 014",karisik_cozulemeyen,BELIRSIZ_2_ADAY
"150/206;208;110;115;
008;D;008;010;014;
715;617 | 008",karisik_cozulemeyen,BELIRSIZ_3_ADAY
"150/206;208;110;115;
008;D;008;010;014;
715;617 | 010",karisik_cozulemeyen,BELIRSIZ_2_ADAY
"159/012;015;017;020;
018;715;720 | 015",karisik_cozulemeyen,BELIRSIZ_2_ADAY
"159/012;015;017;020;
018;715;720 | 020",karisik_cozulemeyen,BELIRSIZ_2_ADAY
"168/212;220;617;
620;017;020;714
;012;212-t;012
 | 212",karisik_cozulemeyen,BELIRSIZ_2_ADAY
"168/212;220;617;
620;017;020;714
;012;212-t;012
 | 020",karisik_cozulemeyen,BELIRSIZ_2_ADAY
"168/212;220;617;
620;017;020;714
;012;212-t;012
 | 012",karisik_cozulemeyen,BELIRSIZ_2_ADAY
"168/212;220;617;
620;017;020;714
;012;212-t;012
 | 212-t",karisik_cozulemeyen,BELIRSIZ_2_ADAY
"169/215;712;715;
720;625 ; 630 ; 012 ;
011,3 ;008 | 012",karisik_cozulemeyen,BELIRSIZ_2_ADAY
"176/010;012;016;019;
211;208;210 | 010",karisik_cozulemeyen,BELIRSIZ_2_ADAY
193/212;617;620;017 | 017,karisik_cozulemeyen,BELIRSIZ_2_ADAY
198/018;023;218;214 | 018,karisik_cozulemeyen,BELIRSIZ_2_ADAY
"200/020;025;030;035;
045;024-T;028-T
048-T;040-b;025-
b;050-y;025-y;040-d | 025",karisik_cozulemeyen,BELIRSIZ_3_ADAY
"200/020;025;030;035;
045;024-T;028-T
048-T;040-b;025-
b;050-y;025-y;040-d | 040-b",karisik_cozulemeyen,BELIRSIZ_2_ADAY
"200/020;025;030;035;
045;024-T;028-T
048-T;040-b;025-
b;050-y;025-y;040-d | 025-",karisik_cozulemeyen,BELIRSIZ_3_ADAY
"200/020;025;030;035;
045;024-T;028-T
048-T;040-b;025-
b;050-y;025-y;040-d | 025-y",karisik_cozulemeyen,BELIRSIZ_3_ADAY
"200/020;025;030;035;
045;024-T;028-T
048-T;040-b;025-
b;050-y;025-y;040-d | 040-d",karisik_cozulemeyen,BELIRSIZ_2_ADAY
212/025;025-M | 025,karisik_cozulemeyen,BELIRSIZ_2_ADAY
212/025;025-M | 025-M,karisik_cozulemeyen,BELIRSIZ_2_ADAY
"218/020-K; 218-30X20 /
218-30X20/41;020;025;
030;040;050;060 | 020-K",karisik_cozulemeyen,BELIRSIZ_2_ADAY
"218/020-K; 218-30X20 /
218-30X20/41;020;025;
030;040;050;060 | 020",karisik_cozulemeyen,BELIRSIZ_2_ADAY
221/212;215;617;625;017 | 017,karisik_cozulemeyen,BELIRSIZ_2_ADAY
"226/010;012;210;212;217
;617;620;622;712;812; | 010",karisik_cozulemeyen,BELIRSIZ_2_ADAY
"226/010;012;210;212;217
;617;620;622;712;812; | 012",karisik_cozulemeyen,BELIRSIZ_4_ADAY
"233/014;017;020;
022;210;212;617
620;914;917;017-T;
020-T;022-T
212-T;214-T;620-T;622-T | 014",karisik_cozulemeyen,BELIRSIZ_3_ADAY
"233/014;017;020;
022;210;212;617
620;914;917;017-T;
020-T;022-T
212-T;214-T;620-T;622-T | 017",karisik_cozulemeyen,BELIRSIZ_4_ADAY
"233/014;017;020;
022;210;212;617
620;914;917;017-T;
020-T;022-T
212-T;214-T;620-T;622-T | 020",karisik_cozulemeyen,BELIRSIZ_4_ADAY
"233/014;017;020;
022;210;212;617
620;914;917;017-T;
020-T;022-T
212-T;214-T;620-T;622-T | 022",karisik_cozulemeyen,BELIRSIZ_3_ADAY
"233/014;017;020;
022;210;212;617
620;914;917;017-T;
020-T;022-T
212-T;214-T;620-T;622-T | 212",karisik_cozulemeyen,BELIRSIZ_2_ADAY
"233/014;017;020;
022;210;212;617
620;914;917;017-T;
020-T;022-T
212-T;214-T;620-T;622-T | 620",karisik_cozulemeyen,BELIRSIZ_4_ADAY
"233/014;017;020;
022;210;212;617
620;914;917;017-T;
020-T;022-T
212-T;214-T;620-T;622-T | 017-T",karisik_cozulemeyen,BELIRSIZ_4_ADAY
"233/014;017;020;
022;210;212;617
620;914;917;017-T;
020-T;022-T
212-T;214-T;620-T;622-T | 020-T",karisik_cozulemeyen,BELIRSIZ_4_ADAY
"233/014;017;020;
022;210;212;617
620;914;917;017-T;
020-T;022-T
212-T;214-T;620-T;622-T | 022-T",karisik_cozulemeyen,BELIRSIZ_3_ADAY
"233/014;017;020;
022;210;212;617
620;914;917;017-T;
020-T;022-T
212-T;214-T;620-T;622-T | 212-T",karisik_cozulemeyen,BELIRSIZ_2_ADAY
"233/014;017;020;
022;210;212;617
620;914;917;017-T;
020-T;022-T
212-T;214-T;620-T;622-T | 620-T",karisik_cozulemeyen,BELIRSIZ_4_ADAY
"238/210;212;617;620;
622;012 ;017;022; | 012",karisik_cozulemeyen,BELIRSIZ_2_ADAY
"238/210;212;617;620;
622;012 ;017;022; | 017",karisik_cozulemeyen,BELIRSIZ_2_ADAY
"238/210;212;617;620;
622;012 ;017;022; | 022",karisik_cozulemeyen,BELIRSIZ_2_ADAY
"249/212;217
;617;622;012 | 012",karisik_cozulemeyen,BELIRSIZ_2_ADAY
270/012;212;617 | 012,karisik_cozulemeyen,BELIRSIZ_2_ADAY
"274/014;214
;022;222;215-T | 014",karisik_cozulemeyen,BELIRSIZ_2_ADAY
"274/014;214
;022;222;215-T | 022",karisik_cozulemeyen,BELIRSIZ_2_ADAY
276/010;210 | 010,karisik_cozulemeyen,BELIRSIZ_2_ADAY
282/212;620;212-T;012 | 212,karisik_cozulemeyen,BELIRSIZ_3_ADAY
282/212;620;212-T;012 | 212-T,karisik_cozulemeyen,BELIRSIZ_3_ADAY
282/212;620;212-T;012 | 012,karisik_cozulemeyen,BELIRSIZ_3_ADAY
306/215;215-T | 215,karisik_cozulemeyen,BELIRSIZ_2_ADAY
306/215;215-T | 215-T,karisik_cozulemeyen,BELIRSIZ_2_ADAY
"338/217 ;217-T
211; 211-T
208  | 217",karisik_cozulemeyen,BELIRSIZ_2_ADAY
"338/217 ;217-T
211; 211-T
208  | 217-T",karisik_cozulemeyen,BELIRSIZ_2_ADAY
"338/217 ;217-T
211; 211-T
208  | 211",karisik_cozulemeyen,BELIRSIZ_2_ADAY
"338/217 ;217-T
211; 211-T
208  | 211-T",karisik_cozulemeyen,BELIRSIZ_2_ADAY
342/620 ; 214;214-M | 214,karisik_cozulemeyen,BELIRSIZ_2_ADAY
342/620 ; 214;214-M | 214-M,karisik_cozulemeyen,BELIRSIZ_2_ADAY
"382/834 -M;850-P,834
TEKLİ | 834 -M",karisik_cozulemeyen,BELIRSIZ_2_ADAY
407/111;111-K | 111,karisik_cozulemeyen,BELIRSIZ_2_ADAY
407/111;111-K | 111-K,karisik_cozulemeyen,BELIRSIZ_2_ADAY
961211/011 | 011,karisik_cozulemeyen,BELIRSIZ_2_ADAY
207,olcu_karmasik,"birden fazla ölçü/kod, hiç işlenmedi"
536_012_015,olcu_karmasik,"birden fazla ölçü/kod, hiç işlenmedi"
68601822,olcu_karmasik,"birden fazla ölçü/kod, hiç işlenmedi"
724218214,olcu_karmasik,"birden fazla ölçü/kod, hiç işlenmedi"
752031035,olcu_karmasik,"birden fazla ölçü/kod, hiç işlenmedi"
781215212,olcu_karmasik,"birden fazla ölçü/kod, hiç işlenmedi"
782212209,olcu_karmasik,"birden fazla ölçü/kod, hiç işlenmedi"
794015012,olcu_karmasik,"birden fazla ölçü/kod, hiç işlenmedi"
803208A,olcu_karmasik,"birden fazla ölçü/kod, hiç işlenmedi"
803208B,olcu_karmasik,"birden fazla ölçü/kod, hiç işlenmedi"
803210B,olcu_karmasik,"birden fazla ölçü/kod, hiç işlenmedi"
803210C,olcu_karmasik,"birden fazla ölçü/kod, hiç işlenmedi"
803210D,olcu_karmasik,"birden fazla ölçü/kod, hiç işlenmedi"
803208D,olcu_karmasik,"birden fazla ölçü/kod, hiç işlenmedi"
803210E,olcu_karmasik,"birden fazla ölçü/kod, hiç işlenmedi"
803212C,olcu_karmasik,"birden fazla ölçü/kod, hiç işlenmedi"
803212D,olcu_karmasik,"birden fazla ölçü/kod, hiç işlenmedi"
803209A,olcu_karmasik,"birden fazla ölçü/kod, hiç işlenmedi"
803212E,olcu_karmasik,"birden fazla ölçü/kod, hiç işlenmedi"
803212F,olcu_karmasik,"birden fazla ölçü/kod, hiç işlenmedi"
812209212,olcu_karmasik,"birden fazla ölçü/kod, hiç işlenmedi"
864_017_012,olcu_karmasik,"birden fazla ölçü/kod, hiç işlenmedi"
867_019_014_012,olcu_karmasik,"birden fazla ölçü/kod, hiç işlenmedi"
985_022X10 ,olcu_karmasik,"birden fazla ölçü/kod, hiç işlenmedi"
1064064,olcu_karmasik,"birden fazla ölçü/kod, hiç işlenmedi"
111613t,olcu_karmasik,"birden fazla ölçü/kod, hiç işlenmedi"
1116915,olcu_karmasik,"birden fazla ölçü/kod, hiç işlenmedi"
1116917,olcu_karmasik,"birden fazla ölçü/kod, hiç işlenmedi"
1165030  024,olcu_karmasik,"birden fazla ölçü/kod, hiç işlenmedi"
1168810 X 7,olcu_karmasik,"birden fazla ölçü/kod, hiç işlenmedi"
1194011,olcu_karmasik,"birden fazla ölçü/kod, hiç işlenmedi"
1215811,olcu_karmasik,"birden fazla ölçü/kod, hiç işlenmedi"
1228,olcu_karmasik,"birden fazla ölçü/kod, hiç işlenmedi"
1229,olcu_karmasik,"birden fazla ölçü/kod, hiç işlenmedi"
1241014 X 7,olcu_karmasik,"birden fazla ölçü/kod, hiç işlenmedi"
1278020,olcu_karmasik,"birden fazla ölçü/kod, hiç işlenmedi"
1279010,olcu_karmasik,"birden fazla ölçü/kod, hiç işlenmedi"
1283020,olcu_karmasik,"birden fazla ölçü/kod, hiç işlenmedi"
1284025,olcu_karmasik,"birden fazla ölçü/kod, hiç işlenmedi"
1288020-25,olcu_karmasik,"birden fazla ölçü/kod, hiç işlenmedi"
1303024,olcu_karmasik,"birden fazla ölçü/kod, hiç işlenmedi"
1304020,olcu_karmasik,"birden fazla ölçü/kod, hiç işlenmedi"
1305040,olcu_karmasik,"birden fazla ölçü/kod, hiç işlenmedi"
1306035,olcu_karmasik,"birden fazla ölçü/kod, hiç işlenmedi"
1307039,olcu_karmasik,"birden fazla ölçü/kod, hiç işlenmedi"
1308020,olcu_karmasik,"birden fazla ölçü/kod, hiç işlenmedi"
1309020,olcu_karmasik,"birden fazla ölçü/kod, hiç işlenmedi"
1310025,olcu_karmasik,"birden fazla ölçü/kod, hiç işlenmedi"
1311025,olcu_karmasik,"birden fazla ölçü/kod, hiç işlenmedi"
1312020,olcu_karmasik,"birden fazla ölçü/kod, hiç işlenmedi"
1313015,olcu_karmasik,"birden fazla ölçü/kod, hiç işlenmedi"
1419,olcu_karmasik,"birden fazla ölçü/kod, hiç işlenmedi"
1473035 41,olcu_karmasik,"birden fazla ölçü/kod, hiç işlenmedi"
1735050,olcu_karmasik,"birden fazla ölçü/kod, hiç işlenmedi"
1735060,olcu_karmasik,"birden fazla ölçü/kod, hiç işlenmedi"
1819018,olcu_karmasik,"birden fazla ölçü/kod, hiç işlenmedi"
1854050,olcu_karmasik,"birden fazla ölçü/kod, hiç işlenmedi"
1952050,olcu_karmasik,"birden fazla ölçü/kod, hiç işlenmedi"
195304.5,olcu_karmasik,"birden fazla ölçü/kod, hiç işlenmedi"
1964808,olcu_karmasik,"birden fazla ölçü/kod, hiç işlenmedi"
1965025,olcu_karmasik,"birden fazla ölçü/kod, hiç işlenmedi"
1966044,olcu_karmasik,"birden fazla ölçü/kod, hiç işlenmedi"
1966033,olcu_karmasik,"birden fazla ölçü/kod, hiç işlenmedi"
1972050,olcu_karmasik,"birden fazla ölçü/kod, hiç işlenmedi"
2036010,olcu_karmasik,"birden fazla ölçü/kod, hiç işlenmedi"
2179037-K,olcu_karmasik,"birden fazla ölçü/kod, hiç işlenmedi"
?,stoksuz,stok kodu yok
,stoksuz,stok kodu yok
,stoksuz,stok kodu yok
,stoksuz,stok kodu yok
,stoksuz,stok kodu yok
,stoksuz,stok kodu yok
